duel_id,modele_a_id,modele_a,modele_b_id,modele_b,titre_page,categorie,ecole_a,ecole_b,inter_ecoles,cylindree_a,cylindree_b,puissance_ch_a,puissance_ch_b,poids_a,poids_b,a2,phare_intemporel,phare_du_moment,score_priorite
ducati-panigale-v2-vs-yamaha-yzf-r9,ducati-panigale-v2,Ducati Panigale V2,yamaha-yzf-r9,Yamaha YZF-R9,Ducati Panigale V2 ou Yamaha YZF-R9 : lequel choisir ?,Sportive,italienne,japonaise,oui,955.0,890.0,157.1,119.0,205.0,195.0,non,oui,oui,603.6
ducati-panigale-v4-vs-yamaha-yzf-r9,ducati-panigale-v4,Ducati Panigale V4,yamaha-yzf-r9,Yamaha YZF-R9,Ducati Panigale V4 ou Yamaha YZF-R9 : lequel choisir ?,Sportive,italienne,japonaise,oui,1103.0,890.0,218.8,119.0,,195.0,non,oui,oui,602.6
aprilia-rs457-vs-honda-cbr600rr,honda-cbr600rr,Honda CBR600RR,aprilia-rs457,Aprilia RS457,Honda CBR600RR ou Aprilia RS457 : lequel choisir ?,Sportive,japonaise,italienne,oui,599.0,457.0,120.0,47.6,156.5,175.0,non,oui,oui,590.4
kawasaki-ninja-h2-vs-yamaha-yzf-r9,kawasaki-ninja-h2,Kawasaki Ninja H2,yamaha-yzf-r9,Yamaha YZF-R9,Kawasaki Ninja H2 ou Yamaha YZF-R9 : lequel choisir ?,Sportive,japonaise,japonaise,non,998.0,890.0,192.4,119.0,239.95,195.0,non,oui,oui,584.1
yamaha-yzf-r7-2022-bike-vs-yamaha-yzf-r9,yamaha-yzf-r9,Yamaha YZF-R9,yamaha-yzf-r7-2022-bike,Yamaha YZF-R7 (2022),Yamaha YZF-R9 ou Yamaha YZF-R7 (2022) : lequel choisir ?,Sportive,japonaise,japonaise,non,890.0,689.6,119.0,73.4,195.0,188.0,non,oui,oui,583.5
kawasaki-ninja-zx-10r-vs-yamaha-yzf-r9,kawasaki-ninja-zx-10r,Kawasaki ZX-10R,yamaha-yzf-r9,Yamaha YZF-R9,Kawasaki ZX-10R ou Yamaha YZF-R9 : lequel choisir ?,Sportive,japonaise,japonaise,non,998.0,890.0,175.0,119.0,170.0,195.0,non,oui,oui,583.1
yamaha-yzf-r1-vs-yamaha-yzf-r9,yamaha-yzf-r1,Yamaha YZF-R1,yamaha-yzf-r9,Yamaha YZF-R9,Yamaha YZF-R1 ou Yamaha YZF-R9 : lequel choisir ?,Sportive,japonaise,japonaise,non,998.0,890.0,201.8,119.0,203.0,195.0,non,oui,oui,582.6
aprilia-rs660-vs-honda-cbr600rr,honda-cbr600rr,Honda CBR600RR,aprilia-rs660,Aprilia RS 660,Honda CBR600RR ou Aprilia RS 660 : lequel choisir ?,Sportive,japonaise,italienne,oui,599.0,659.0,120.0,101.4,156.5,183.0,non,oui,non,466.4
ducati-desertx-vs-honda-crf1000l,honda-crf1000l,Honda CRF 1000 L Africa Twin,ducati-desertx,Ducati DesertX,Honda CRF 1000 L Africa Twin ou Ducati DesertX : lequel choisir ?,Trail / Aventure,japonaise,italienne,oui,998.0,937.0,95.2,111.5,,211.0,non,oui,non,446.6
honda-crf1000l-vs-moto-guzzi-stelvio,honda-crf1000l,Honda CRF 1000 L Africa Twin,moto-guzzi-stelvio,Moto Guzzi Stelvio,Honda CRF 1000 L Africa Twin ou Moto Guzzi Stelvio : lequel choisir ?,Trail / Aventure,japonaise,italienne,oui,998.0,1151.0,95.2,104.7,,251.0,non,oui,non,444.2
yamaha-mt-07-vs-yamaha-mt-09,yamaha-mt-09,Yamaha MT-09,yamaha-mt-07,Yamaha MT-07,Yamaha MT-09 ou Yamaha MT-07 : lequel choisir ?,Roadster,japonaise,japonaise,non,847.2,689.6,119.0,74.8,188.0,179.0,non,oui,non,443.8
yamaha-mt-09-vs-yamaha-mt-10,yamaha-mt-09,Yamaha MT-09,yamaha-mt-10,Yamaha MT-10,Yamaha MT-09 ou Yamaha MT-10 : lequel choisir ?,Roadster,japonaise,japonaise,non,847.2,998.0,119.0,160.4,188.0,209.0,non,oui,non,443.6
ducati-multistrada-vs-honda-crf1000l,honda-crf1000l,Honda CRF 1000 L Africa Twin,ducati-multistrada,Ducati Multistrada (2003),Honda CRF 1000 L Africa Twin ou Ducati Multistrada (2003) : lequel choisir ?,Trail / Aventure,japonaise,italienne,oui,998.0,992.0,95.2,84.0,,200.0,non,oui,non,442.2
ducati-panigale-v4-vs-kawasaki-ninja-h2,kawasaki-ninja-h2,Kawasaki Ninja H2,ducati-panigale-v4,Ducati Panigale V4,Kawasaki Ninja H2 ou Ducati Panigale V4 : lequel choisir ?,Sportive,japonaise,italienne,oui,998.0,1103.0,192.4,218.8,239.95,,non,oui,non,440.9
kawasaki-ninja-650r-vs-yamaha-mt-09,yamaha-mt-09,Yamaha MT-09,kawasaki-ninja-650r,Kawasaki Ninja 650,Yamaha MT-09 ou Kawasaki Ninja 650 : lequel choisir ?,Roadster,japonaise,japonaise,non,847.2,649.0,119.0,72.1,188.0,211.0,non,oui,non,440.1
kawasaki-ninja-650r-vs-yamaha-mt-07,yamaha-mt-07,Yamaha MT-07,kawasaki-ninja-650r,Kawasaki Ninja 650,Yamaha MT-07 ou Kawasaki Ninja 650 : lequel choisir ?,Roadster,japonaise,japonaise,non,689.6,649.0,74.8,72.1,179.0,211.0,non,oui,non,440.1
ducati-panigale-v4-vs-kawasaki-ninja-zx-10r,kawasaki-ninja-zx-10r,Kawasaki ZX-10R,ducati-panigale-v4,Ducati Panigale V4,Kawasaki ZX-10R ou Ducati Panigale V4 : lequel choisir ?,Sportive,japonaise,italienne,oui,998.0,1103.0,175.0,218.8,170.0,,non,oui,non,440.0
ducati-panigale-v4-vs-yamaha-yzf-r1,yamaha-yzf-r1,Yamaha YZF-R1,ducati-panigale-v4,Ducati Panigale V4,Yamaha YZF-R1 ou Ducati Panigale V4 : lequel choisir ?,Sportive,japonaise,italienne,oui,998.0,1103.0,201.8,218.8,203.0,,non,oui,non,439.4
yamaha-mt-03-vs-yamaha-mt-09,yamaha-mt-09,Yamaha MT-09,yamaha-mt-03,Yamaha MT-03 (2006),Yamaha MT-09 ou Yamaha MT-03 (2006) : lequel choisir ?,Roadster,japonaise,japonaise,non,847.2,660.0,119.0,48.0,188.0,174.0,non,oui,non,435.0
yamaha-mt-03-vs-yamaha-mt-07,yamaha-mt-07,Yamaha MT-07,yamaha-mt-03,Yamaha MT-03 (2006),Yamaha MT-07 ou Yamaha MT-03 (2006) : lequel choisir ?,Roadster,japonaise,japonaise,non,689.6,660.0,74.8,48.0,179.0,174.0,non,oui,non,435.0
peugeot-metropolis-400-vs-yamaha-tmax,yamaha-tmax,Yamaha TMAX,peugeot-metropolis-400,Peugeot Metropolis 400,Yamaha TMAX ou Peugeot Metropolis 400 : lequel choisir ?,Scooter / Cyclomoteur,japonaise,française,oui,499.0,399.0,40.0,37.2,217.0,258.0,oui,oui,non,430.1
bmw-f-850-gs-vs-yamaha-tenere-700,yamaha-tenere-700,Yamaha 700 Ténéré,bmw-f-850-gs,BMW F 850 GS,Yamaha 700 Ténéré ou BMW F 850 GS : lequel choisir ?,Trail / Aventure,japonaise,allemande,oui,689.6,853.0,73.1,95.0,205.0,229.0,non,oui,non,429.9
ducati-panigale-v2-vs-kawasaki-ninja-h2,kawasaki-ninja-h2,Kawasaki Ninja H2,ducati-panigale-v2,Ducati Panigale V2,Kawasaki Ninja H2 ou Ducati Panigale V2 : lequel choisir ?,Sportive,japonaise,italienne,oui,998.0,955.0,192.4,157.1,239.95,205.0,non,oui,non,428.0
bmw-f-850-gs-vs-ducati-desertx,ducati-desertx,Ducati DesertX,bmw-f-850-gs,BMW F 850 GS,Ducati DesertX ou BMW F 850 GS : lequel choisir ?,Trail / Aventure,italienne,allemande,oui,937.0,853.0,111.5,95.0,211.0,229.0,non,oui,non,427.9
honda-cb-125-f-vs-honda-grom,honda-grom,Honda MSX 125,honda-cb-125-f,Honda CB 125 F,Honda MSX 125 ou Honda CB 125 F : lequel choisir ?,Roadster,japonaise,japonaise,non,124.9,124.7,9.8,10.6,101.7,115.0,oui,oui,non,427.6
ducati-desertx-vs-moto-guzzi-stelvio,moto-guzzi-stelvio,Moto Guzzi Stelvio,ducati-desertx,Ducati DesertX,Moto Guzzi Stelvio ou Ducati DesertX : lequel choisir ?,Trail / Aventure,italienne,italienne,non,1151.0,937.0,104.7,111.5,251.0,211.0,non,oui,non,427.6
ducati-panigale-v2-vs-kawasaki-ninja-zx-10r,kawasaki-ninja-zx-10r,Kawasaki ZX-10R,ducati-panigale-v2,Ducati Panigale V2,Kawasaki ZX-10R ou Ducati Panigale V2 : lequel choisir ?,Sportive,japonaise,italienne,oui,998.0,955.0,175.0,157.1,170.0,205.0,non,oui,non,427.0
ducati-panigale-v2-vs-yamaha-yzf-r1,yamaha-yzf-r1,Yamaha YZF-R1,ducati-panigale-v2,Ducati Panigale V2,Yamaha YZF-R1 ou Ducati Panigale V2 : lequel choisir ?,Sportive,japonaise,italienne,oui,998.0,955.0,201.8,157.1,203.0,205.0,non,oui,non,426.5
ducati-desertx-vs-ducati-multistrada,ducati-multistrada,Ducati Multistrada (2003),ducati-desertx,Ducati DesertX,Ducati Multistrada (2003) ou Ducati DesertX : lequel choisir ?,Trail / Aventure,italienne,italienne,non,992.0,937.0,84.0,111.5,200.0,211.0,non,oui,non,426.1
aprilia-rs660-vs-yamaha-yzf-r7-2022-bike,aprilia-rs660,Aprilia RS 660,yamaha-yzf-r7-2022-bike,Yamaha YZF-R7 (2022),Aprilia RS 660 ou Yamaha YZF-R7 (2022) : lequel choisir ?,Sportive,italienne,japonaise,oui,659.0,689.6,101.4,73.4,183.0,188.0,non,oui,non,423.9
kawasaki-ninja-h2-vs-kawasaki-ninja-zx-10r,kawasaki-ninja-zx-10r,Kawasaki ZX-10R,kawasaki-ninja-h2,Kawasaki Ninja H2,Kawasaki ZX-10R ou Kawasaki Ninja H2 : lequel choisir ?,Sportive,japonaise,japonaise,non,998.0,998.0,175.0,192.4,170.0,239.95,non,oui,non,423.4
honda-grom-vs-ktm-125-duke,honda-grom,Honda MSX 125,ktm-125-duke,KTM 125 Duke,Honda MSX 125 ou KTM 125 Duke : lequel choisir ?,Roadster,japonaise,autrichienne,oui,124.9,124.7,9.8,15.0,101.7,127.0,oui,oui,non,423.1
kawasaki-ninja-h2-vs-yamaha-yzf-r1,yamaha-yzf-r1,Yamaha YZF-R1,kawasaki-ninja-h2,Kawasaki Ninja H2,Yamaha YZF-R1 ou Kawasaki Ninja H2 : lequel choisir ?,Sportive,japonaise,japonaise,non,998.0,998.0,201.8,192.4,203.0,239.95,non,oui,non,422.9
honda-cb-125-f-vs-ktm-125-duke,honda-cb-125-f,Honda CB 125 F,ktm-125-duke,KTM 125 Duke,Honda CB 125 F ou KTM 125 Duke : lequel choisir ?,Roadster,japonaise,autrichienne,oui,124.7,124.7,10.6,15.0,115.0,127.0,oui,oui,non,422.7
mv-agusta-brutale-series-vs-yamaha-mt-09,yamaha-mt-09,Yamaha MT-09,mv-agusta-brutale-series,MV Agusta Brutale series,Yamaha MT-09 ou MV Agusta Brutale series : lequel choisir ?,Roadster,japonaise,italienne,oui,847.2,749.4,119.0,127.0,188.0,185.0,non,oui,non,422.5
mv-agusta-brutale-series-vs-yamaha-mt-07,yamaha-mt-07,Yamaha MT-07,mv-agusta-brutale-series,MV Agusta Brutale series,Yamaha MT-07 ou MV Agusta Brutale series : lequel choisir ?,Roadster,japonaise,italienne,oui,689.6,749.4,74.8,127.0,179.0,185.0,non,oui,non,422.5
mv-agusta-brutale-series-vs-yamaha-mt-10,yamaha-mt-10,Yamaha MT-10,mv-agusta-brutale-series,MV Agusta Brutale series,Yamaha MT-10 ou MV Agusta Brutale series : lequel choisir ?,Roadster,japonaise,italienne,oui,998.0,749.4,160.4,127.0,209.0,185.0,non,oui,non,422.5
triumph-tiger-sport-800-vs-yamaha-tracer-900,yamaha-tracer-900,Yamaha Tracer 900,triumph-tiger-sport-800,Triumph Tiger Sport 800,Yamaha Tracer 900 ou Triumph Tiger Sport 800 : lequel choisir ?,Routière / GT,japonaise,britannique,oui,847.2,798.0,116.6,114.6,209.56,214.0,non,non,oui,418.7
kawasaki-ninja-650r-vs-yamaha-mt-03,kawasaki-ninja-650r,Kawasaki Ninja 650,yamaha-mt-03,Yamaha MT-03 (2006),Kawasaki Ninja 650 ou Yamaha MT-03 (2006) : lequel choisir ?,Roadster,japonaise,japonaise,non,649.0,660.0,72.1,48.0,211.0,174.0,non,oui,non,417.0
kawasaki-eliminator-500-vs-royal-enfield-meteor,royal-enfield-meteor,Royal Enfield Meteor,kawasaki-eliminator-500,Kawasaki Eliminator 500,Royal Enfield Meteor ou Kawasaki Eliminator 500 : lequel choisir ?,Custom / Cruiser,indienne,japonaise,oui,349.0,451,20.3,45.4,191.0,176,oui,non,oui,415.5
bmw-f-850-gs-vs-honda-crf1000l,honda-crf1000l,Honda CRF 1000 L Africa Twin,bmw-f-850-gs,BMW F 850 GS,Honda CRF 1000 L Africa Twin ou BMW F 850 GS : lequel choisir ?,Trail / Aventure,japonaise,allemande,oui,998.0,853.0,95.2,95.0,,229.0,non,oui,non,414.0
aprilia-tuono-660-vs-suzuki-gsx-8s,suzuki-gsx-8s,Suzuki GSX-8S,aprilia-tuono-660,Aprilia Tuono 660,Suzuki GSX-8S ou Aprilia Tuono 660 : lequel choisir ?,Roadster,japonaise,italienne,oui,776,659,82.9,95,202,183,oui,non,oui,413.6
bmw-f-850-gs-vs-ducati-multistrada,ducati-multistrada,Ducati Multistrada (2003),bmw-f-850-gs,BMW F 850 GS,Ducati Multistrada (2003) ou BMW F 850 GS : lequel choisir ?,Trail / Aventure,italienne,allemande,oui,992.0,853.0,84.0,95.0,200.0,229.0,non,oui,non,413.4
ducati-desertx-vs-honda-crosstourer,ducati-desertx,Ducati DesertX,honda-crosstourer,Honda Crosstourer,Ducati DesertX ou Honda Crosstourer : lequel choisir ?,Trail / Aventure,italienne,japonaise,oui,937.0,1237.0,111.5,129.2,211.0,277.0,non,oui,non,412.0
husqvarna-svartpilen-401-vs-ktm-390-series,husqvarna-svartpilen-401,Husqvarna Svartpilen 401,ktm-390-series,KTM 390 Duke,Husqvarna Svartpilen 401 ou KTM 390 Duke : lequel choisir ?,Roadster,suédoise,autrichienne,oui,399,398.6,45,44.9,159,168.3,oui,non,oui,410.0
honda-cbr250rr-2017-vs-yamaha-yzf-r3,yamaha-yzf-r3,Yamaha YZF-R3,honda-cbr250rr-2017,Honda CBR250RR,Yamaha YZF-R3 ou Honda CBR250RR : lequel choisir ?,Sportive,japonaise,japonaise,non,320.3,249.7,42.1,38.6,166.92,165.0,oui,oui,non,409.3
ktm-1290-super-duke-r-vs-yamaha-mt-10,yamaha-mt-10,Yamaha MT-10,ktm-1290-super-duke-r,KTM 1290 Super Duke R/GT,Yamaha MT-10 ou KTM 1290 Super Duke R/GT : lequel choisir ?,Roadster,japonaise,autrichienne,oui,998.0,1301.0,160.4,179.5,209.0,195.04,non,oui,non,407.5
aprilia-tuono-660-vs-honda-cb750-hornet,aprilia-tuono-660,Aprilia Tuono 660,honda-cb750-hornet,Honda CB750 Hornet,Aprilia Tuono 660 ou Honda CB750 Hornet : lequel choisir ?,Roadster,italienne,japonaise,oui,659,755,95,92,183,192,oui,non,oui,407.5
ducati-desertx-vs-honda-crossrunner,ducati-desertx,Ducati DesertX,honda-crossrunner,Honda Crossrunner,Ducati DesertX ou Honda Crossrunner : lequel choisir ?,Trail / Aventure,italienne,japonaise,oui,937.0,782.0,111.5,101.8,211.0,240.4,non,oui,non,406.8
triumph-tiger-sport-660-vs-yamaha-tracer-900,yamaha-tracer-900,Yamaha Tracer 900,triumph-tiger-sport-660,Triumph Tiger Sport 660,Yamaha Tracer 900 ou Triumph Tiger Sport 660 : lequel choisir ?,Routière / GT,japonaise,britannique,oui,847.2,660.0,116.6,81.0,209.56,206.0,non,oui,non,406.7
ducati-panigale-v2-vs-ducati-panigale-v4,ducati-panigale-v4,Ducati Panigale V4,ducati-panigale-v2,Ducati Panigale V2,Ducati Panigale V4 ou Ducati Panigale V2 : lequel choisir ?,Sportive,italienne,italienne,non,1103.0,955.0,218.8,157.1,,205.0,non,oui,non,406.5
aprilia-tuareg-vs-yamaha-tenere-700,yamaha-tenere-700,Yamaha 700 Ténéré,aprilia-tuareg,Aprilia Tuareg,Yamaha 700 Ténéré ou Aprilia Tuareg : lequel choisir ?,Trail / Aventure,japonaise,italienne,oui,689.6,659.0,73.1,80.1,205.0,186.88,non,oui,non,406.3
ducati-multistrada-vs-moto-guzzi-stelvio,moto-guzzi-stelvio,Moto Guzzi Stelvio,ducati-multistrada,Ducati Multistrada (2003),Moto Guzzi Stelvio ou Ducati Multistrada (2003) : lequel choisir ?,Trail / Aventure,italienne,italienne,non,1151.0,992.0,104.7,84.0,251.0,200.0,non,oui,non,406.2
kawasaki-z900-vs-mv-agusta-brutale-series,kawasaki-z900,Kawasaki Z900,mv-agusta-brutale-series,MV Agusta Brutale series,Kawasaki Z900 ou MV Agusta Brutale series : lequel choisir ?,Roadster,japonaise,italienne,oui,948.0,749.4,125.4,127.0,,185.0,non,oui,non,406.0
aprilia-tuareg-vs-honda-crossrunner,honda-crossrunner,Honda Crossrunner,aprilia-tuareg,Aprilia Tuareg,Honda Crossrunner ou Aprilia Tuareg : lequel choisir ?,Trail / Aventure,japonaise,italienne,oui,782.0,659.0,101.8,80.1,240.4,186.88,non,oui,non,405.8
aprilia-tuareg-vs-bmw-f-850-gs,bmw-f-850-gs,BMW F 850 GS,aprilia-tuareg,Aprilia Tuareg,BMW F 850 GS ou Aprilia Tuareg : lequel choisir ?,Trail / Aventure,allemande,italienne,oui,853.0,659.0,95.0,80.1,229.0,186.88,non,oui,non,405.3
kawasaki-ninja-650r-vs-mv-agusta-brutale-series,kawasaki-ninja-650r,Kawasaki Ninja 650,mv-agusta-brutale-series,MV Agusta Brutale series,Kawasaki Ninja 650 ou MV Agusta Brutale series : lequel choisir ?,Roadster,japonaise,italienne,oui,649.0,749.4,72.1,127.0,211.0,185.0,non,oui,non,404.6
honda-cbr600rr-vs-yamaha-yzf-r7-2022-bike,honda-cbr600rr,Honda CBR600RR,yamaha-yzf-r7-2022-bike,Yamaha YZF-R7 (2022),Honda CBR600RR ou Yamaha YZF-R7 (2022) : lequel choisir ?,Sportive,japonaise,japonaise,non,599.0,689.6,120.0,73.4,156.5,188.0,non,oui,non,403.5
mv-agusta-brutale-series-vs-yamaha-mt-03,yamaha-mt-03,Yamaha MT-03 (2006),mv-agusta-brutale-series,MV Agusta Brutale series,Yamaha MT-03 (2006) ou MV Agusta Brutale series : lequel choisir ?,Roadster,japonaise,italienne,oui,660.0,749.4,48.0,127.0,174.0,185.0,non,oui,non,403.5
honda-wave-series-vs-honda-winner,honda-wave-series,Honda Innova,honda-winner,Honda Winner,Honda Innova ou Honda Winner : lequel choisir ?,Scooter / Cyclomoteur,japonaise,japonaise,non,125.0,149.16,9.3,16.5,101.0,119.0,oui,oui,non,402.8
aprilia-tuono-vs-yamaha-mt-09,yamaha-mt-09,Yamaha MT-09,aprilia-tuono,Aprilia RSV Tuono,Yamaha MT-09 ou Aprilia RSV Tuono : lequel choisir ?,Roadster,japonaise,italienne,oui,847.2,997.62,119.0,125.1,188.0,210.0,non,oui,non,401.0
aprilia-tuono-vs-yamaha-mt-10,yamaha-mt-10,Yamaha MT-10,aprilia-tuono,Aprilia RSV Tuono,Yamaha MT-10 ou Aprilia RSV Tuono : lequel choisir ?,Roadster,japonaise,italienne,oui,998.0,997.62,160.4,125.1,209.0,210.0,non,oui,non,401.0
aprilia-tuono-vs-ktm-1290-super-duke-r,ktm-1290-super-duke-r,KTM 1290 Super Duke R/GT,aprilia-tuono,Aprilia RSV Tuono,KTM 1290 Super Duke R/GT ou Aprilia RSV Tuono : lequel choisir ?,Roadster,autrichienne,italienne,oui,1301.0,997.62,179.5,125.1,195.04,210.0,non,oui,non,400.5
kawasaki-ninja-zx-10r-vs-yamaha-yzf-r1,yamaha-yzf-r1,Yamaha YZF-R1,kawasaki-ninja-zx-10r,Kawasaki ZX-10R,Yamaha YZF-R1 ou Kawasaki ZX-10R : lequel choisir ?,Sportive,japonaise,japonaise,non,998.0,998.0,201.8,175.0,203.0,170.0,non,oui,non,400.2
aprilia-tuono-vs-kawasaki-z900,kawasaki-z900,Kawasaki Z900,aprilia-tuono,Aprilia RSV Tuono,Kawasaki Z900 ou Aprilia RSV Tuono : lequel choisir ?,Roadster,japonaise,italienne,oui,948.0,997.62,125.4,125.1,,210.0,non,oui,non,399.5
honda-crosstourer-vs-moto-guzzi-stelvio,moto-guzzi-stelvio,Moto Guzzi Stelvio,honda-crosstourer,Honda Crosstourer,Moto Guzzi Stelvio ou Honda Crosstourer : lequel choisir ?,Trail / Aventure,italienne,japonaise,oui,1151.0,1237.0,104.7,129.2,251.0,277.0,non,oui,non,399.1
triumph-sprint-st-vs-triumph-tiger-sport-800,triumph-sprint-st,Triumph Sprint ST,triumph-tiger-sport-800,Triumph Tiger Sport 800,Triumph Sprint ST ou Triumph Tiger Sport 800 : lequel choisir ?,Routière / GT,britannique,britannique,non,955.0,798.0,109.5,114.6,229.97,214.0,non,non,oui,398.2
honda-cl500-vs-husqvarna-svartpilen-401,honda-cl500,Honda CL500,husqvarna-svartpilen-401,Husqvarna Svartpilen 401,Honda CL500 ou Husqvarna Svartpilen 401 : lequel choisir ?,Roadster,japonaise,suédoise,oui,471.0,399,46.6,45,192.0,159,oui,non,oui,398.0
ducati-multistrada-vs-honda-crosstourer,ducati-multistrada,Ducati Multistrada (2003),honda-crosstourer,Honda Crosstourer,Ducati Multistrada (2003) ou Honda Crosstourer : lequel choisir ?,Trail / Aventure,italienne,japonaise,oui,992.0,1237.0,84.0,129.2,200.0,277.0,non,oui,non,397.6
royal-enfield-interceptor-650-vs-suzuki-gsx-8s,royal-enfield-interceptor-650,Royal Enfield Interceptor 650,suzuki-gsx-8s,Suzuki GSX-8S,Royal Enfield Interceptor 650 ou Suzuki GSX-8S : lequel choisir ?,Roadster,indienne,japonaise,oui,648.0,776,47.5,82.9,202.0,202,oui,non,oui,397.5
triumph-tiger-sport-660-vs-triumph-tiger-sport-800,triumph-tiger-sport-660,Triumph Tiger Sport 660,triumph-tiger-sport-800,Triumph Tiger Sport 800,Triumph Tiger Sport 660 ou Triumph Tiger Sport 800 : lequel choisir ?,Routière / GT,britannique,britannique,non,660.0,798.0,81.0,114.6,206.0,214.0,non,non,oui,397.2
kawasaki-z900-vs-yamaha-mt-10,yamaha-mt-10,Yamaha MT-10,kawasaki-z900,Kawasaki Z900,Yamaha MT-10 ou Kawasaki Z900 : lequel choisir ?,Roadster,japonaise,japonaise,non,998.0,948.0,160.4,125.4,209.0,,non,oui,non,396.9
ktm-1290-super-adventure-vs-moto-guzzi-stelvio,moto-guzzi-stelvio,Moto Guzzi Stelvio,ktm-1290-super-adventure,KTM 1290 Super Adventure,Moto Guzzi Stelvio ou KTM 1290 Super Adventure : lequel choisir ?,Trail / Aventure,italienne,autrichienne,oui,1151.0,1301.0,104.7,162.2,251.0,228.61,non,oui,non,396.1
triumph-speed-twin-900-vs-yamaha-mt-07,yamaha-mt-07,Yamaha MT-07,triumph-speed-twin-900,Triumph Speed Twin 900,Yamaha MT-07 ou Triumph Speed Twin 900 : lequel choisir ?,Roadster,japonaise,britannique,oui,689.6,900.0,74.8,65.0,179.0,216.0,non,oui,non,395.9
triumph-speed-twin-900-vs-yamaha-mt-10,yamaha-mt-10,Yamaha MT-10,triumph-speed-twin-900,Triumph Speed Twin 900,Yamaha MT-10 ou Triumph Speed Twin 900 : lequel choisir ?,Roadster,japonaise,britannique,oui,998.0,900.0,160.4,65.0,209.0,216.0,non,oui,non,395.9
aprilia-tuono-vs-triumph-speed-twin-900,aprilia-tuono,Aprilia RSV Tuono,triumph-speed-twin-900,Triumph Speed Twin 900,Aprilia RSV Tuono ou Triumph Speed Twin 900 : lequel choisir ?,Roadster,italienne,britannique,oui,997.62,900.0,125.1,65.0,210.0,216.0,non,oui,non,395.9
honda-crosstourer-vs-ktm-1290-super-adventure,honda-crosstourer,Honda Crosstourer,ktm-1290-super-adventure,KTM 1290 Super Adventure,Honda Crosstourer ou KTM 1290 Super Adventure : lequel choisir ?,Trail / Aventure,japonaise,autrichienne,oui,1237.0,1301.0,129.2,162.2,277.0,228.61,non,oui,non,395.6
honda-crf1000l-vs-ktm-1290-super-adventure,honda-crf1000l,Honda CRF 1000 L Africa Twin,ktm-1290-super-adventure,KTM 1290 Super Adventure,Honda CRF 1000 L Africa Twin ou KTM 1290 Super Adventure : lequel choisir ?,Trail / Aventure,japonaise,autrichienne,oui,998.0,1301.0,95.2,162.2,,228.61,non,oui,non,395.1
ducati-multistrada-vs-ktm-1290-super-adventure,ducati-multistrada,Ducati Multistrada (2003),ktm-1290-super-adventure,KTM 1290 Super Adventure,Ducati Multistrada (2003) ou KTM 1290 Super Adventure : lequel choisir ?,Trail / Aventure,italienne,autrichienne,oui,992.0,1301.0,84.0,162.2,200.0,228.61,non,oui,non,394.6
honda-cl500-vs-ktm-390-series,honda-cl500,Honda CL500,ktm-390-series,KTM 390 Duke,Honda CL500 ou KTM 390 Duke : lequel choisir ?,Roadster,japonaise,autrichienne,oui,471.0,398.6,46.6,44.9,192.0,168.3,oui,non,oui,394.5
honda-nc700-vs-suzuki-gsx-8s,honda-nc700,Honda NC700S / NC700X / Integra,suzuki-gsx-8s,Suzuki GSX-8S,Honda NC700S / NC700X / Integra ou Suzuki GSX-8S : lequel choisir ?,Roadster,japonaise,japonaise,non,670.0,776,47.6,82.9,211.0,202,oui,non,oui,394.5
kawasaki-z900-vs-triumph-speed-twin-900,kawasaki-z900,Kawasaki Z900,triumph-speed-twin-900,Triumph Speed Twin 900,Kawasaki Z900 ou Triumph Speed Twin 900 : lequel choisir ?,Roadster,japonaise,britannique,oui,948.0,900.0,125.4,65.0,,216.0,non,oui,non,394.4
triumph-speed-twin-900-vs-yamaha-xsr700,yamaha-xsr700,Yamaha XSR700,triumph-speed-twin-900,Triumph Speed Twin 900,Yamaha XSR700 ou Triumph Speed Twin 900 : lequel choisir ?,Roadster,japonaise,britannique,oui,689.6,900.0,74.8,65.0,186.0,216.0,non,oui,non,394.4
kawasaki-z650-2017-vs-suzuki-gsx-8s,kawasaki-z650-2017,Kawasaki Z650,suzuki-gsx-8s,Suzuki GSX-8S,Kawasaki Z650 ou Suzuki GSX-8S : lequel choisir ?,Roadster,japonaise,japonaise,non,649,776,68,82.9,188,202,oui,non,oui,394.0
honda-cb650r-vs-suzuki-gsx-8s,suzuki-gsx-8s,Suzuki GSX-8S,honda-cb650r,Honda CB650R,Suzuki GSX-8S ou Honda CB650R : lequel choisir ?,Roadster,japonaise,japonaise,non,776,649,82.9,95,202,207,oui,non,oui,393.6
ducati-multistrada-1200-vs-honda-crosstourer,honda-crosstourer,Honda Crosstourer,ducati-multistrada-1200,Ducati Multistrada (2010),Honda Crosstourer ou Ducati Multistrada (2010) : lequel choisir ?,Trail / Aventure,japonaise,italienne,oui,1237.0,1198.0,129.2,152.1,277.0,239.0,non,oui,non,393.0
bmw-f-850-gs-vs-honda-crossrunner,bmw-f-850-gs,BMW F 850 GS,honda-crossrunner,Honda Crossrunner,BMW F 850 GS ou Honda Crossrunner : lequel choisir ?,Trail / Aventure,allemande,japonaise,oui,853.0,782.0,95.0,101.8,229.0,240.4,non,oui,non,392.8
ducati-multistrada-1200-vs-honda-crf1000l,honda-crf1000l,Honda CRF 1000 L Africa Twin,ducati-multistrada-1200,Ducati Multistrada (2010),Honda CRF 1000 L Africa Twin ou Ducati Multistrada (2010) : lequel choisir ?,Trail / Aventure,japonaise,italienne,oui,998.0,1198.0,95.2,152.1,,239.0,non,oui,non,392.6
kawasaki-w230-vs-ktm-200-duke,kawasaki-w230,Kawasaki W230,ktm-200-duke,KTM 200 Duke,Kawasaki W230 ou KTM 200 Duke : lequel choisir ?,Roadster,japonaise,autrichienne,oui,233.0,199.5,17.2,25.8,133.0,132.0,oui,non,oui,392.4
honda-cbr650r-vs-suzuki-gsx-8r,honda-cbr650r,Honda CBR650R,suzuki-gsx-8r,Suzuki GSX-8R,Honda CBR650R ou Suzuki GSX-8R : lequel choisir ?,Sportive,japonaise,japonaise,non,649,776,95,82.9,211,205,oui,non,oui,392.1
aprilia-rs457-vs-kawasaki-ninja-zx-4r,aprilia-rs457,Aprilia RS457,kawasaki-ninja-zx-4r,Kawasaki ZX-4R,Aprilia RS457 ou Kawasaki ZX-4R : lequel choisir ?,Sportive,italienne,japonaise,oui,457.0,399.0,47.6,77.1,175.0,188.0,non,non,oui,391.5
honda-cb750-hornet-vs-royal-enfield-interceptor-650,royal-enfield-interceptor-650,Royal Enfield Interceptor 650,honda-cb750-hornet,Honda CB750 Hornet,Royal Enfield Interceptor 650 ou Honda CB750 Hornet : lequel choisir ?,Roadster,indienne,japonaise,oui,648.0,755,47.5,92,202.0,192,oui,non,oui,391.4
ducati-multistrada-1200-vs-ktm-1290-super-adventure,ktm-1290-super-adventure,KTM 1290 Super Adventure,ducati-multistrada-1200,Ducati Multistrada (2010),KTM 1290 Super Adventure ou Ducati Multistrada (2010) : lequel choisir ?,Trail / Aventure,autrichienne,italienne,oui,1301.0,1198.0,162.2,152.1,228.61,239.0,non,oui,non,391.1
moto-guzzi-v100-mandello-vs-triumph-speedmaster,moto-guzzi-v100-mandello,Moto Guzzi V100 Mandello,triumph-speedmaster,Triumph Speedmaster,Moto Guzzi V100 Mandello ou Triumph Speedmaster : lequel choisir ?,Custom / Cruiser,italienne,britannique,oui,1042.0,790.0,117.6,53.8,233.0,263.08,non,oui,non,389.6
honda-crossrunner-vs-yamaha-tenere-700,yamaha-tenere-700,Yamaha 700 Ténéré,honda-crossrunner,Honda Crossrunner,Yamaha 700 Ténéré ou Honda Crossrunner : lequel choisir ?,Trail / Aventure,japonaise,japonaise,non,689.6,782.0,73.1,101.8,205.0,240.4,non,oui,non,388.8
honda-cb750-hornet-vs-honda-nc700,honda-nc700,Honda NC700S / NC700X / Integra,honda-cb750-hornet,Honda CB750 Hornet,Honda NC700S / NC700X / Integra ou Honda CB750 Hornet : lequel choisir ?,Roadster,japonaise,japonaise,non,670.0,755,47.6,92,211.0,192,oui,non,oui,388.5
honda-nx-500-vs-kawasaki-kle500,kawasaki-kle500,Kawasaki KLE 500,honda-nx-500,Honda NX 500,Kawasaki KLE 500 ou Honda NX 500 : lequel choisir ?,Trail / Aventure,japonaise,japonaise,non,498.0,471.0,45.6,47.0,181.0,196.0,oui,non,oui,388.5
kawasaki-z400-vs-triumph-speed-400,kawasaki-z400,Kawasaki Z400 (2019),triumph-speed-400,Triumph Speed 400,Kawasaki Z400 (2019) ou Triumph Speed 400 : lequel choisir ?,Roadster,japonaise,britannique,oui,399.0,398.15,45.0,40.0,,,à vérifier,non,oui,388.4
kawasaki-versys-650-vs-yamaha-mt-07,yamaha-mt-07,Yamaha MT-07,kawasaki-versys-650,Kawasaki Versys 650 (2007),Yamaha MT-07 ou Kawasaki Versys 650 (2007) : lequel choisir ?,Roadster,japonaise,japonaise,non,689.6,649.0,74.8,67.9,179.0,206.0,non,oui,non,388.2
honda-cb750-hornet-vs-kawasaki-z650-2017,kawasaki-z650-2017,Kawasaki Z650,honda-cb750-hornet,Honda CB750 Hornet,Kawasaki Z650 ou Honda CB750 Hornet : lequel choisir ?,Roadster,japonaise,japonaise,non,649,755,68,92,188,192,oui,non,oui,387.9
honda-cb750-hornet-vs-suzuki-gsx-8s,suzuki-gsx-8s,Suzuki GSX-8S,honda-cb750-hornet,Honda CB750 Hornet,Suzuki GSX-8S ou Honda CB750 Hornet : lequel choisir ?,Roadster,japonaise,japonaise,non,776,755,82.9,92,202,192,oui,non,oui,387.5
honda-cb650r-vs-honda-cb750-hornet,honda-cb650r,Honda CB650R,honda-cb750-hornet,Honda CB750 Hornet,Honda CB650R ou Honda CB750 Hornet : lequel choisir ?,Roadster,japonaise,japonaise,non,649,755,95,92,207,192,oui,non,oui,387.5
triumph-sprint-st-vs-yamaha-tracer-900,yamaha-tracer-900,Yamaha Tracer 900,triumph-sprint-st,Triumph Sprint ST,Yamaha Tracer 900 ou Triumph Sprint ST : lequel choisir ?,Routière / GT,japonaise,britannique,oui,847.2,955.0,116.6,109.5,209.56,229.97,non,oui,non,385.8
mv-agusta-turismo-veloce-vs-triumph-tiger-sport-800,triumph-tiger-sport-800,Triumph Tiger Sport 800,mv-agusta-turismo-veloce,MV Agusta Turismo Veloce 800,Triumph Tiger Sport 800 ou MV Agusta Turismo Veloce 800 : lequel choisir ?,Routière / GT,britannique,italienne,oui,798.0,798.0,114.6,111.5,214.0,191.0,non,non,oui,385.5
kawasaki-z900-vs-norton-961-commando,kawasaki-z900,Kawasaki Z900,norton-961-commando,Norton 961/SS Commando,Kawasaki Z900 ou Norton 961/SS Commando : lequel choisir ?,Roadster,japonaise,britannique,oui,948.0,961.0,125.4,81.1,,188.0,non,oui,non,380.5
kawasaki-versys-650-vs-yamaha-xsr700,kawasaki-versys-650,Kawasaki Versys 650 (2007),yamaha-xsr700,Yamaha XSR700,Kawasaki Versys 650 (2007) ou Yamaha XSR700 : lequel choisir ?,Roadster,japonaise,japonaise,non,649.0,689.6,67.9,74.8,206.0,186.0,non,oui,non,380.1
kawasaki-ninja-650r-vs-yamaha-xsr700,kawasaki-ninja-650r,Kawasaki Ninja 650,yamaha-xsr700,Yamaha XSR700,Kawasaki Ninja 650 ou Yamaha XSR700 : lequel choisir ?,Roadster,japonaise,japonaise,non,649.0,689.6,72.1,74.8,211.0,186.0,non,oui,non,379.6
yamaha-mt-03-vs-yamaha-xsr700,yamaha-mt-03,Yamaha MT-03 (2006),yamaha-xsr700,Yamaha XSR700,Yamaha MT-03 (2006) ou Yamaha XSR700 : lequel choisir ?,Roadster,japonaise,japonaise,non,660.0,689.6,48.0,74.8,174.0,186.0,non,oui,non,378.6
honda-unicorn-vs-yamaha-mt-15,yamaha-mt-15,Yamaha MT-15,honda-unicorn,Honda Unicorn,Yamaha MT-15 ou Honda Unicorn : lequel choisir ?,Roadster,japonaise,japonaise,non,155.0,162.7,18.4,12.9,,,à vérifier,oui,non,377.1
kawasaki-z400-vs-royal-enfield-guerrilla-450,royal-enfield-guerrilla-450,Royal Enfield Guerrilla 450,kawasaki-z400,Kawasaki Z400 (2019),Royal Enfield Guerrilla 450 ou Kawasaki Z400 (2019) : lequel choisir ?,Roadster,indienne,japonaise,oui,452.0,399.0,40.6,45.0,,,à vérifier,non,oui,376.0
royal-enfield-guerrilla-450-vs-triumph-speed-400,royal-enfield-guerrilla-450,Royal Enfield Guerrilla 450,triumph-speed-400,Triumph Speed 400,Royal Enfield Guerrilla 450 ou Triumph Speed 400 : lequel choisir ?,Roadster,indienne,britannique,oui,452.0,398.15,40.6,40.0,,,à vérifier,non,oui,373.0
honda-winner-vs-yamaha-mio,honda-winner,Honda Winner,yamaha-mio,Yamaha Mio,Honda Winner ou Yamaha Mio : lequel choisir ?,Scooter / Cyclomoteur,japonaise,japonaise,non,149.16,113.7,16.5,8.1,119.0,90.0,oui,oui,non,372.6
yamaha-yzf-r125-vs-yamaha-yzf-r15,yamaha-yzf-r15,Yamaha YZF-R15,yamaha-yzf-r125,Yamaha YZF-R125,Yamaha YZF-R15 ou Yamaha YZF-R125 : lequel choisir ?,Sportive,japonaise,japonaise,non,149.8,124.7,,,,,,oui,non,370.4
kawasaki-ninja-650r-vs-kawasaki-versys-650,kawasaki-ninja-650r,Kawasaki Ninja 650,kawasaki-versys-650,Kawasaki Versys 650 (2007),Kawasaki Ninja 650 ou Kawasaki Versys 650 (2007) : lequel choisir ?,Roadster,japonaise,japonaise,non,649.0,649.0,72.1,67.9,211.0,206.0,non,oui,non,370.2
kawasaki-versys-650-vs-yamaha-mt-03,yamaha-mt-03,Yamaha MT-03 (2006),kawasaki-versys-650,Kawasaki Versys 650 (2007),Yamaha MT-03 (2006) ou Kawasaki Versys 650 (2007) : lequel choisir ?,Roadster,japonaise,japonaise,non,660.0,649.0,48.0,67.9,174.0,206.0,non,oui,non,369.1
aprilia-tuono-vs-norton-961-commando,aprilia-tuono,Aprilia RSV Tuono,norton-961-commando,Norton 961/SS Commando,Aprilia RSV Tuono ou Norton 961/SS Commando : lequel choisir ?,Roadster,italienne,britannique,oui,997.62,961.0,125.1,81.1,210.0,188.0,non,oui,non,365.0
aprilia-rs4-vs-yamaha-yzf-r15,yamaha-yzf-r15,Yamaha YZF-R15,aprilia-rs4,Aprilia RS125,Yamaha YZF-R15 ou Aprilia RS125 : lequel choisir ?,Sportive,japonaise,italienne,oui,149.8,124.2,,,,144.0,,oui,non,362.9
aprilia-rs4-vs-yamaha-yzf-r125,yamaha-yzf-r125,Yamaha YZF-R125,aprilia-rs4,Aprilia RS125,Yamaha YZF-R125 ou Aprilia RS125 : lequel choisir ?,Sportive,japonaise,italienne,oui,124.7,124.2,,,,144.0,,oui,non,362.9
kawasaki-vulcan-900-classic-vs-yamaha-bolt,kawasaki-vulcan-900-classic,Kawasaki Vulcan 900 Classic,yamaha-bolt,Yamaha Bolt,Kawasaki Vulcan 900 Classic ou Yamaha Bolt : lequel choisir ?,Custom / Cruiser,japonaise,japonaise,non,903.0,942.0,,,253.0,244.94,,oui,non,362.8
bmw-r1300gs-vs-moto-guzzi-stelvio,moto-guzzi-stelvio,Moto Guzzi Stelvio,bmw-r1300gs,BMW R1300GS,Moto Guzzi Stelvio ou BMW R1300GS : lequel choisir ?,Trail / Aventure,italienne,allemande,oui,1151.0,1300.6,104.7,147.0,251.0,237.0,non,non,oui,362.0
bmw-r1300gs-vs-honda-xl1000v-varadero,honda-xl1000v-varadero,Honda XL1000V Varadero,bmw-r1300gs,BMW R1300GS,Honda XL1000V Varadero ou BMW R1300GS : lequel choisir ?,Trail / Aventure,japonaise,allemande,oui,996.0,1300.6,94.3,147.0,276.7,237.0,non,non,oui,362.0
bmw-r1300gs-vs-honda-crosstourer,honda-crosstourer,Honda Crosstourer,bmw-r1300gs,BMW R1300GS,Honda Crosstourer ou BMW R1300GS : lequel choisir ?,Trail / Aventure,japonaise,allemande,oui,1237.0,1300.6,129.2,147.0,277.0,237.0,non,non,oui,361.4
bmw-r1300gs-vs-ducati-multistrada-1200,ducati-multistrada-1200,Ducati Multistrada (2010),bmw-r1300gs,BMW R1300GS,Ducati Multistrada (2010) ou BMW R1300GS : lequel choisir ?,Trail / Aventure,italienne,allemande,oui,1198.0,1300.6,152.1,147.0,239.0,237.0,non,non,oui,361.4
norton-961-commando-vs-triumph-speed-twin-900,triumph-speed-twin-900,Triumph Speed Twin 900,norton-961-commando,Norton 961/SS Commando,Triumph Speed Twin 900 ou Norton 961/SS Commando : lequel choisir ?,Roadster,britannique,britannique,non,900.0,961.0,65.0,81.1,216.0,188.0,non,oui,non,360.0
honda-cb300r-vs-kawasaki-w230,kawasaki-w230,Kawasaki W230,honda-cb300r,Honda CB300R,Kawasaki W230 ou Honda CB300R : lequel choisir ?,Roadster,japonaise,japonaise,non,233.0,286.0,17.2,31.4,133.0,143.0,oui,non,oui,360.0
bmw-r1300gs-vs-ktm-1290-super-adventure,ktm-1290-super-adventure,KTM 1290 Super Adventure,bmw-r1300gs,BMW R1300GS,KTM 1290 Super Adventure ou BMW R1300GS : lequel choisir ?,Trail / Aventure,autrichienne,allemande,oui,1301.0,1300.6,162.2,147.0,228.61,237.0,non,non,oui,359.5
bmw-r12-2024-vs-ktm-1290-super-duke-r,ktm-1290-super-duke-r,KTM 1290 Super Duke R/GT,bmw-r12-2024,BMW R12,KTM 1290 Super Duke R/GT ou BMW R12 : lequel choisir ?,Roadster,autrichienne,allemande,oui,1301.0,1170.0,179.5,96.3,195.04,220.0,non,non,oui,358.4
bmw-r12-2024-vs-suzuki-gsx-s1000,suzuki-gsx-s1000,Suzuki GSX-S1000,bmw-r12-2024,BMW R12,Suzuki GSX-S1000 ou BMW R12 : lequel choisir ?,Roadster,japonaise,allemande,oui,999.0,1170.0,152.9,96.3,207.0,220.0,non,non,oui,358.4
hyosung-gv650-vs-triumph-speedmaster,hyosung-gv650,Hyosung GV650 Aquila,triumph-speedmaster,Triumph Speedmaster,Hyosung GV650 Aquila ou Triumph Speedmaster : lequel choisir ?,Custom / Cruiser,coréenne,britannique,oui,647.0,790.0,73.0,53.8,232.0,263.08,non,oui,non,358.2
bmw-r12-2024-vs-ducati-streetfighter,ducati-streetfighter,Ducati Streetfighter,bmw-r12-2024,BMW R12,Ducati Streetfighter ou BMW R12 : lequel choisir ?,Roadster,italienne,allemande,oui,1099.0,1170.0,157.1,96.3,166.92,220.0,non,non,oui,358.0
benelli-tnt-vs-bmw-r12-2024,benelli-tnt,Benelli TNT,bmw-r12-2024,BMW R12,Benelli TNT ou BMW R12 : lequel choisir ?,Roadster,italienne,allemande,oui,1130.0,1170.0,135.0,96.3,199.0,220.0,non,non,oui,358.0
bmw-r12-2024-vs-kawasaki-z900,kawasaki-z900,Kawasaki Z900,bmw-r12-2024,BMW R12,Kawasaki Z900 ou BMW R12 : lequel choisir ?,Roadster,japonaise,allemande,oui,948.0,1170.0,125.4,96.3,,220.0,non,non,oui,357.5
bimota-db6-vs-bmw-r12-2024,bimota-db6,Bimota DB6 Delirio,bmw-r12-2024,BMW R12,Bimota DB6 Delirio ou BMW R12 : lequel choisir ?,Roadster,italienne,allemande,oui,992.0,1170.0,92.0,96.3,177.0,220.0,non,non,oui,357.5
honda-cmx500-rebel-vs-kawasaki-eliminator-500,kawasaki-eliminator-500,Kawasaki Eliminator 500,honda-cmx500-rebel,Honda CMX500 Rebel,Kawasaki Eliminator 500 ou Honda CMX500 Rebel : lequel choisir ?,Custom / Cruiser,japonaise,japonaise,non,451,471.0,45.4,46.2,176,191.0,oui,non,oui,357.0
kawasaki-ninja-400-vs-kawasaki-ninja-500,kawasaki-ninja-500,Kawasaki Ninja 500,kawasaki-ninja-400,Kawasaki Ninja 400,Kawasaki Ninja 500 ou Kawasaki Ninja 400 : lequel choisir ?,Sportive,japonaise,japonaise,non,451,399.0,45.4,43.9,171,168.0,oui,non,oui,356.6
bmw-r1300gs-vs-suzuki-v-strom-1050,bmw-r1300gs,BMW R1300GS,suzuki-v-strom-1050,Suzuki V-Strom 1050,BMW R1300GS ou Suzuki V-Strom 1050 : lequel choisir ?,Trail / Aventure,allemande,japonaise,oui,1300.6,1037.0,147.0,101.4,237.0,236.0,non,non,oui,356.0
yamaha-nmax-vs-yamaha-zuma-125,yamaha-nmax,Yamaha NMAX,yamaha-zuma-125,Yamaha Zuma,Yamaha NMAX ou Yamaha Zuma : lequel choisir ?,Scooter / Cyclomoteur,japonaise,japonaise,non,124.7,125.0,,,,,,oui,non,352.8
kawasaki-ninja-1000-vs-triumph-tiger-sport-800,triumph-tiger-sport-800,Triumph Tiger Sport 800,kawasaki-ninja-1000,Kawasaki Ninja 1000 SX,Triumph Tiger Sport 800 ou Kawasaki Ninja 1000 SX : lequel choisir ?,Routière / GT,britannique,japonaise,oui,798.0,1043.0,114.6,139.9,214.0,228.02,non,non,oui,352.0
honda-crf450l-vs-honda-nx-500,honda-nx-500,Honda NX 500,honda-crf450l,Honda CRF450L/CRF450RL,Honda NX 500 ou Honda CRF450L/CRF450RL : lequel choisir ?,Trail / Aventure,japonaise,japonaise,non,471.0,449.0,47.0,23.9,196.0,131.09,oui,non,oui,349.5
aprilia-tuareg-vs-suzuki-v-strom-800,aprilia-tuareg,Aprilia Tuareg,suzuki-v-strom-800,Suzuki V-Strom 800,Aprilia Tuareg ou Suzuki V-Strom 800 : lequel choisir ?,Trail / Aventure,italienne,japonaise,oui,659.0,776.0,80.1,85.2,186.88,230.0,non,non,oui,349.0
bmw-f750gs-vs-suzuki-v-strom-800,bmw-f750gs,BMW F750GS,suzuki-v-strom-800,Suzuki V-Strom 800,BMW F750GS ou Suzuki V-Strom 800 : lequel choisir ?,Trail / Aventure,allemande,japonaise,oui,853.0,776.0,77.5,85.2,,230.0,non,non,oui,349.0
ktm-890-adventure-vs-suzuki-v-strom-800,suzuki-v-strom-800,Suzuki V-Strom 800,ktm-890-adventure,KTM 890 Adventure,Suzuki V-Strom 800 ou KTM 890 Adventure : lequel choisir ?,Trail / Aventure,japonaise,autrichienne,oui,776.0,889.0,85.2,104.7,230.0,210.0,non,non,oui,348.0
bmw-f900gs-vs-yamaha-tenere-700,yamaha-tenere-700,Yamaha 700 Ténéré,bmw-f900gs,BMW F900GS,Yamaha 700 Ténéré ou BMW F900GS : lequel choisir ?,Trail / Aventure,japonaise,allemande,oui,689.6,895.0,73.1,104.7,205.0,,non,non,oui,347.5
bmw-f900gs-vs-honda-xl1000v-varadero,honda-xl1000v-varadero,Honda XL1000V Varadero,bmw-f900gs,BMW F900GS,Honda XL1000V Varadero ou BMW F900GS : lequel choisir ?,Trail / Aventure,japonaise,allemande,oui,996.0,895.0,94.3,104.7,276.7,,non,non,oui,347.5
bmw-f900gs-vs-honda-crossrunner,honda-crossrunner,Honda Crossrunner,bmw-f900gs,BMW F900GS,Honda Crossrunner ou BMW F900GS : lequel choisir ?,Trail / Aventure,japonaise,allemande,oui,782.0,895.0,101.8,104.7,240.4,,non,non,oui,346.9
bmw-f900gs-vs-honda-x-adv,honda-x-adv,Honda X-ADV 750,bmw-f900gs,BMW F900GS,Honda X-ADV 750 ou BMW F900GS : lequel choisir ?,Trail / Aventure,japonaise,allemande,oui,745.0,895.0,58.6,104.7,237.0,,non,non,oui,346.5
bmw-f900gs-vs-suzuki-v-strom-1050,suzuki-v-strom-1050,Suzuki V-Strom 1050,bmw-f900gs,BMW F900GS,Suzuki V-Strom 1050 ou BMW F900GS : lequel choisir ?,Trail / Aventure,japonaise,allemande,oui,1037.0,895.0,101.4,104.7,236.0,,non,non,oui,346.0
bmw-f900gs-vs-ktm-890-adventure,ktm-890-adventure,KTM 890 Adventure,bmw-f900gs,BMW F900GS,KTM 890 Adventure ou BMW F900GS : lequel choisir ?,Trail / Aventure,autrichienne,allemande,oui,889.0,895.0,104.7,104.7,210.0,,non,non,oui,345.4
honda-wave-series-vs-yamaha-mio,honda-wave-series,Honda Innova,yamaha-mio,Yamaha Mio,Honda Innova ou Yamaha Mio : lequel choisir ?,Scooter / Cyclomoteur,japonaise,japonaise,non,125.0,113.7,9.3,8.1,101.0,90.0,oui,oui,non,332.1
suzuki-v-strom-800-vs-yamaha-tenere-700,yamaha-tenere-700,Yamaha 700 Ténéré,suzuki-v-strom-800,Suzuki V-Strom 800,Yamaha 700 Ténéré ou Suzuki V-Strom 800 : lequel choisir ?,Trail / Aventure,japonaise,japonaise,non,689.6,776.0,73.1,85.2,205.0,230.0,non,non,oui,331.0
honda-xl1000v-varadero-vs-suzuki-v-strom-800,honda-xl1000v-varadero,Honda XL1000V Varadero,suzuki-v-strom-800,Suzuki V-Strom 800,Honda XL1000V Varadero ou Suzuki V-Strom 800 : lequel choisir ?,Trail / Aventure,japonaise,japonaise,non,996.0,776.0,94.3,85.2,276.7,230.0,non,non,oui,331.0
suzuki-v-strom-650-vs-suzuki-v-strom-800,suzuki-v-strom-650,Suzuki DL 650 V-Strom,suzuki-v-strom-800,Suzuki V-Strom 800,Suzuki DL 650 V-Strom ou Suzuki V-Strom 800 : lequel choisir ?,Trail / Aventure,japonaise,japonaise,non,645.0,776.0,66.9,85.2,213.19,230.0,non,non,oui,331.0
ducati-1199-vs-kawasaki-ninja-zx-10r,kawasaki-ninja-zx-10r,Kawasaki ZX-10R,ducati-1199,Ducati 1199 Panigale,Kawasaki ZX-10R ou Ducati 1199 Panigale : lequel choisir ?,Sportive,japonaise,italienne,oui,998.0,1198.0,175.0,174.2,170.0,192.78,non,non,non,283.5
ducati-1199-vs-yamaha-yzf-r1,yamaha-yzf-r1,Yamaha YZF-R1,ducati-1199,Ducati 1199 Panigale,Yamaha YZF-R1 ou Ducati 1199 Panigale : lequel choisir ?,Sportive,japonaise,italienne,oui,998.0,1198.0,201.8,174.2,203.0,192.78,non,non,non,282.9
ducati-1199-vs-kawasaki-ninja-h2,kawasaki-ninja-h2,Kawasaki Ninja H2,ducati-1199,Ducati 1199 Panigale,Kawasaki Ninja H2 ou Ducati 1199 Panigale : lequel choisir ?,Sportive,japonaise,italienne,oui,998.0,1198.0,192.4,174.2,239.95,192.78,non,non,non,269.4
bmw-g650x-series-vs-yamaha-tenere-700,yamaha-tenere-700,Yamaha 700 Ténéré,bmw-g650x-series,BMW G 650 X,Yamaha 700 Ténéré ou BMW G 650 X : lequel choisir ?,Trail / Aventure,japonaise,allemande,oui,689.6,652.0,73.1,53.0,205.0,144.0,non,non,non,267.5
moto-guzzi-v100-mandello-vs-moto-guzzi-v9,moto-guzzi-v9,Moto Guzzi V9,moto-guzzi-v100-mandello,Moto Guzzi V100 Mandello,Moto Guzzi V9 ou Moto Guzzi V100 Mandello : lequel choisir ?,Custom / Cruiser,italienne,italienne,non,853.0,1042.0,55.8,117.6,200.0,233.0,non,non,non,265.4
bmw-r1200c-vs-moto-guzzi-v100-mandello,bmw-r1200c,BMW R 1200 C,moto-guzzi-v100-mandello,Moto Guzzi V100 Mandello,BMW R 1200 C ou Moto Guzzi V100 Mandello : lequel choisir ?,Custom / Cruiser,allemande,italienne,oui,1170.0,1042.0,61.0,117.6,256.0,233.0,non,non,non,264.9
ducati-panigale-v4-vs-kawasaki-ninja-zx-12r,kawasaki-ninja-zx-12r,Kawasaki ZX-12R,ducati-panigale-v4,Ducati Panigale V4,Kawasaki ZX-12R ou Ducati Panigale V4 : lequel choisir ?,Sportive,japonaise,italienne,oui,1199.0,1103.0,181.0,218.8,247.21,,non,non,non,253.5
aprilia-rs660-vs-mz-skorpion,aprilia-rs660,Aprilia RS 660,mz-skorpion,MZ Skorpion,Aprilia RS 660 ou MZ Skorpion : lequel choisir ?,Sportive,italienne,allemande,oui,659.0,656.0,101.4,48.7,183.0,188.69,non,non,non,251.1
benelli-tornado-tre-900-vs-yamaha-yzf-r7-2022-bike,yamaha-yzf-r7-2022-bike,Yamaha YZF-R7 (2022),benelli-tornado-tre-900,Benelli Tornado Tre,Yamaha YZF-R7 (2022) ou Benelli Tornado Tre : lequel choisir ?,Sportive,japonaise,italienne,oui,689.6,898.0,73.4,143.0,188.0,198.0,non,non,non,250.6
ducati-1199-vs-kawasaki-ninja-zx-12r,kawasaki-ninja-zx-12r,Kawasaki ZX-12R,ducati-1199,Ducati 1199 Panigale,Kawasaki ZX-12R ou Ducati 1199 Panigale : lequel choisir ?,Sportive,japonaise,italienne,oui,1199.0,1198.0,181.0,174.2,247.21,192.78,non,non,non,247.0
moto-guzzi-v100-mandello-vs-yamaha-v-star-1300,moto-guzzi-v100-mandello,Moto Guzzi V100 Mandello,yamaha-v-star-1300,Yamaha V-Star 1300,Moto Guzzi V100 Mandello ou Yamaha V-Star 1300 : lequel choisir ?,Custom / Cruiser,italienne,japonaise,oui,1042.0,1304.0,117.6,71.0,233.0,303.0,non,non,non,244.8
hyosung-gt250-vs-kawasaki-w230,kawasaki-w230,Kawasaki W230,hyosung-gt250,Hyosung GT250R,Kawasaki W230 ou Hyosung GT250R : lequel choisir ?,Roadster,japonaise,coréenne,oui,233.0,249.0,17.2,28.4,133.0,187.7,oui,non,non,244.5
ducati-panigale-v2-vs-kawasaki-ninja-zx-12r,kawasaki-ninja-zx-12r,Kawasaki ZX-12R,ducati-panigale-v2,Ducati Panigale V2,Kawasaki ZX-12R ou Ducati Panigale V2 : lequel choisir ?,Sportive,japonaise,italienne,oui,1199.0,955.0,181.0,157.1,247.21,205.0,non,non,non,240.5
ducati-1199-vs-honda-vtr1000f,ducati-1199,Ducati 1199 Panigale,honda-vtr1000f,Honda VTR 1000 F,Ducati 1199 Panigale ou Honda VTR 1000 F : lequel choisir ?,Sportive,italienne,japonaise,oui,1198.0,996.0,174.2,117.6,192.78,214.1,non,non,non,240.0
honda-cb1300-vs-ktm-1290-super-duke-r,honda-cb1300,Honda CB 1300 Super Four,ktm-1290-super-duke-r,KTM 1290 Super Duke R/GT,Honda CB 1300 Super Four ou KTM 1290 Super Duke R/GT : lequel choisir ?,Roadster,japonaise,autrichienne,oui,1284.0,1301.0,101.4,179.5,236.0,195.04,non,non,non,238.9
suzuki-gsx650f-vs-triumph-tiger-sport-660,suzuki-gsx650f,Suzuki GSX650F,triumph-tiger-sport-660,Triumph Tiger Sport 660,Suzuki GSX650F ou Triumph Tiger Sport 660 : lequel choisir ?,Routière / GT,japonaise,britannique,oui,656.0,660.0,86.2,81.0,,206.0,non,non,non,237.7
aprilia-tuareg-vs-bmw-f-800-gs,bmw-f-800-gs,BMW F 800 GS,aprilia-tuareg,Aprilia Tuareg,BMW F 800 GS ou Aprilia Tuareg : lequel choisir ?,Trail / Aventure,allemande,italienne,oui,798.0,659.0,85.0,80.1,182.0,186.88,non,non,non,236.8
mz-skorpion-vs-yamaha-yzf-r7-2022-bike,yamaha-yzf-r7-2022-bike,Yamaha YZF-R7 (2022),mz-skorpion,MZ Skorpion,Yamaha YZF-R7 (2022) ou MZ Skorpion : lequel choisir ?,Sportive,japonaise,allemande,oui,689.6,656.0,73.4,48.7,188.0,188.69,non,non,non,236.1
bmw-c1-vs-honda-winner,bmw-c1,BMW C1,honda-winner,Honda Winner,BMW C1 ou Honda Winner : lequel choisir ?,Scooter / Cyclomoteur,allemande,japonaise,oui,124.9,149.16,15.2,16.5,185.0,119.0,oui,non,non,235.3
bmw-c1-vs-honda-wave-series,bmw-c1,BMW C1,honda-wave-series,Honda Innova,BMW C1 ou Honda Innova : lequel choisir ?,Scooter / Cyclomoteur,allemande,japonaise,oui,124.9,125.0,15.2,9.3,185.0,101.0,oui,non,non,235.2
aprilia-tuono-660-vs-honda-nc700,honda-nc700,Honda NC700S / NC700X / Integra,aprilia-tuono-660,Aprilia Tuono 660,Honda NC700S / NC700X / Integra ou Aprilia Tuono 660 : lequel choisir ?,Roadster,japonaise,italienne,oui,670.0,659,47.6,95,211.0,183,oui,non,non,234.5
aprilia-tuono-660-vs-kawasaki-z650-2017,kawasaki-z650-2017,Kawasaki Z650,aprilia-tuono-660,Aprilia Tuono 660,Kawasaki Z650 ou Aprilia Tuono 660 : lequel choisir ?,Roadster,japonaise,italienne,oui,649,659,68,95,188,183,oui,non,non,234.0
aprilia-tuono-660-vs-honda-cb650r,honda-cb650r,Honda CB650R,aprilia-tuono-660,Aprilia Tuono 660,Honda CB650R ou Aprilia Tuono 660 : lequel choisir ?,Roadster,japonaise,italienne,oui,649,659,95,95,207,183,oui,non,non,233.6
kawasaki-w230-vs-suzuki-gw250,kawasaki-w230,Kawasaki W230,suzuki-gw250,Suzuki GW250,Kawasaki W230 ou Suzuki GW250 : lequel choisir ?,Roadster,japonaise,japonaise,non,233.0,248.0,17.2,21.5,133.0,170.0,oui,non,non,233.4
honda-cb1300-vs-ktm-990-super-duke,honda-cb1300,Honda CB 1300 Super Four,ktm-990-super-duke,KTM 990 Super Duke,Honda CB 1300 Super Four ou KTM 990 Super Duke : lequel choisir ?,Roadster,japonaise,autrichienne,oui,1284.0,999.0,101.4,120.0,236.0,186.0,non,non,non,231.3
ducati-1199-vs-honda-rc51,ducati-1199,Ducati 1199 Panigale,honda-rc51,Honda VTR 1000,Ducati 1199 Panigale ou Honda VTR 1000 : lequel choisir ?,Sportive,italienne,japonaise,oui,1198.0,999.0,174.2,134.8,192.78,221.81,non,non,non,230.8
aprilia-rs660-vs-yamaha-yzf-r7,aprilia-rs660,Aprilia RS 660,yamaha-yzf-r7,Yamaha YZF-R7 (1999),Aprilia RS 660 ou Yamaha YZF-R7 (1999) : lequel choisir ?,Sportive,italienne,japonaise,oui,659.0,749.0,101.4,107.5,183.0,188.69,non,non,non,228.9
honda-cl500-vs-kawasaki-ninja-400r,honda-cl500,Honda CL500,kawasaki-ninja-400r,Kawasaki Ninja 400R,Honda CL500 ou Kawasaki Ninja 400R : lequel choisir ?,Roadster,japonaise,japonaise,non,471.0,399.0,46.6,43.5,192.0,203.0,oui,non,non,228.0
buell-blast-vs-honda-cl500,honda-cl500,Honda CL500,buell-blast,Buell Blast,Honda CL500 ou Buell Blast : lequel choisir ?,Roadster,japonaise,américaine,oui,471.0,491.64,46.6,34.5,192.0,180.98,oui,non,non,226.8
bmw-c600-sport-and-c650gt-vs-honda-silver-wing-600,honda-silver-wing-600,Honda SilverWing 600,bmw-c600-sport-and-c650gt,BMW C600 Sport and C650GT,Honda SilverWing 600 ou BMW C600 Sport and C650GT : lequel choisir ?,Scooter / Cyclomoteur,japonaise,allemande,oui,582.0,647.0,50.3,60.8,249.93,261.0,non,non,non,226.6
buell-blast-vs-royal-enfield-interceptor-650,royal-enfield-interceptor-650,Royal Enfield Interceptor 650,buell-blast,Buell Blast,Royal Enfield Interceptor 650 ou Buell Blast : lequel choisir ?,Roadster,indienne,américaine,oui,648.0,491.64,47.5,34.5,202.0,180.98,oui,non,non,226.3
aprilia-tuono-v4-vs-ktm-1290-super-duke-r,ktm-1290-super-duke-r,KTM 1290 Super Duke R/GT,aprilia-tuono-v4,Aprilia Tuono V4 1100 RR,KTM 1290 Super Duke R/GT ou Aprilia Tuono V4 1100 RR : lequel choisir ?,Roadster,autrichienne,italienne,oui,1301.0,1077.0,179.5,175.0,195.04,184.0,non,non,non,225.9
aprilia-6-5-moto-vs-royal-enfield-interceptor-650,royal-enfield-interceptor-650,Royal Enfield Interceptor 650,aprilia-6-5-moto,Aprilia 6.5 Motó,Royal Enfield Interceptor 650 ou Aprilia 6.5 Motó : lequel choisir ?,Roadster,indienne,italienne,oui,648.0,649.5,47.5,42.0,202.0,183.0,oui,non,non,224.8
ducati-multistrada-1200-vs-triumph-tiger-explorer,triumph-tiger-explorer,Triumph Tiger Explorer,ducati-multistrada-1200,Ducati Multistrada (2010),Triumph Tiger Explorer ou Ducati Multistrada (2010) : lequel choisir ?,Trail / Aventure,britannique,italienne,oui,1215.0,1198.0,140.9,152.1,242.0,239.0,non,non,non,224.6
aprilia-tuono-v4-vs-ktm-990-super-duke,ktm-990-super-duke,KTM 990 Super Duke,aprilia-tuono-v4,Aprilia Tuono V4 1100 RR,KTM 990 Super Duke ou Aprilia Tuono V4 1100 RR : lequel choisir ?,Roadster,autrichienne,italienne,oui,999.0,1077.0,120.0,175.0,186.0,184.0,non,non,non,223.4
aprilia-tuono-v4-vs-honda-cb1300,honda-cb1300,Honda CB 1300 Super Four,aprilia-tuono-v4,Aprilia Tuono V4 1100 RR,Honda CB 1300 Super Four ou Aprilia Tuono V4 1100 RR : lequel choisir ?,Roadster,japonaise,italienne,oui,1284.0,1077.0,101.4,175.0,236.0,184.0,non,non,non,222.9
hyosung-gv650-vs-moto-guzzi-v9,moto-guzzi-v9,Moto Guzzi V9,hyosung-gv650,Hyosung GV650 Aquila,Moto Guzzi V9 ou Hyosung GV650 Aquila : lequel choisir ?,Custom / Cruiser,italienne,coréenne,oui,853.0,647.0,55.8,73.0,200.0,232.0,non,non,non,222.5
kawasaki-z800-vs-ktm-990-super-duke,ktm-990-super-duke,KTM 990 Super Duke,kawasaki-z800,Kawasaki Z800,KTM 990 Super Duke ou Kawasaki Z800 : lequel choisir ?,Roadster,autrichienne,japonaise,oui,999.0,806.0,120.0,112.8,186.0,231.0,non,non,non,221.3
triumph-tiger-sport-800-vs-yamaha-tdm-900,yamaha-tdm-900,Yamaha TDM 900,triumph-tiger-sport-800,Triumph Tiger Sport 800,Yamaha TDM 900 ou Triumph Tiger Sport 800 : lequel choisir ?,Routière / GT,japonaise,britannique,oui,897.0,798.0,87.2,114.6,222.71,214.0,non,non,non,220.2
honda-nc700-vs-royal-enfield-interceptor-650,royal-enfield-interceptor-650,Royal Enfield Interceptor 650,honda-nc700,Honda NC700S / NC700X / Integra,Royal Enfield Interceptor 650 ou Honda NC700S / NC700X / Integra : lequel choisir ?,Roadster,indienne,japonaise,oui,648.0,670.0,47.5,47.6,202.0,211.0,oui,non,non,220.0
kawasaki-z650-2017-vs-royal-enfield-interceptor-650,royal-enfield-interceptor-650,Royal Enfield Interceptor 650,kawasaki-z650-2017,Kawasaki Z650,Royal Enfield Interceptor 650 ou Kawasaki Z650 : lequel choisir ?,Roadster,indienne,japonaise,oui,648.0,649,47.5,68,202.0,188,oui,non,non,219.9
ariel-ace-vs-ktm-1290-super-duke-r,ktm-1290-super-duke-r,KTM 1290 Super Duke R/GT,ariel-ace,Ariel Ace,KTM 1290 Super Duke R/GT ou Ariel Ace : lequel choisir ?,Roadster,autrichienne,britannique,oui,1301.0,1237.0,179.5,175.4,195.04,230.0,non,non,non,219.7
aprilia-rs660-vs-yamaha-thundercat,aprilia-rs660,Aprilia RS 660,yamaha-thundercat,Yamaha YZF600R,Aprilia RS 660 ou Yamaha YZF600R : lequel choisir ?,Sportive,italienne,japonaise,oui,659.0,599.0,101.4,102.0,183.0,,non,non,non,219.4
honda-cb600f-vs-suzuki-gsr600,honda-cb600f,Honda CB600F/Hornet/599,suzuki-gsr600,Suzuki GSR 600,Honda CB600F/Hornet/599 ou Suzuki GSR 600 : lequel choisir ?,Roadster,japonaise,japonaise,non,599.0,599.0,96.0,98.0,176.0,183.0,non,non,non,219.1
kawasaki-versys-650-vs-kawasaki-z800,kawasaki-versys-650,Kawasaki Versys 650 (2007),kawasaki-z800,Kawasaki Z800,Kawasaki Versys 650 (2007) ou Kawasaki Z800 : lequel choisir ?,Roadster,japonaise,japonaise,non,649.0,806.0,67.9,112.8,206.0,231.0,non,non,non,218.8
aprilia-rs457-vs-yamaha-thundercat,aprilia-rs457,Aprilia RS457,yamaha-thundercat,Yamaha YZF600R,Aprilia RS457 ou Yamaha YZF600R : lequel choisir ?,Sportive,italienne,japonaise,oui,457.0,599.0,47.6,102.0,175.0,,non,non,non,218.4
aprilia-rs660-vs-kawasaki-zx-6-and-zzr600,aprilia-rs660,Aprilia RS 660,kawasaki-zx-6-and-zzr600,Kawasaki ZX-6/ZZR600,Aprilia RS 660 ou Kawasaki ZX-6/ZZR600 : lequel choisir ?,Sportive,italienne,japonaise,oui,659.0,599.0,101.4,100.4,183.0,,non,non,non,218.1
aprilia-tuareg-vs-bmw-g650x-series,bmw-g650x-series,BMW G 650 X,aprilia-tuareg,Aprilia Tuareg,BMW G 650 X ou Aprilia Tuareg : lequel choisir ?,Trail / Aventure,allemande,italienne,oui,652.0,659.0,53.0,80.1,144.0,186.88,non,non,non,217.8
honda-cb600f-vs-suzuki-gsr750,honda-cb600f,Honda CB600F/Hornet/599,suzuki-gsr750,Suzuki GSR 750,Honda CB600F/Hornet/599 ou Suzuki GSR 750 : lequel choisir ?,Roadster,japonaise,japonaise,non,599.0,749.0,96.0,107.4,176.0,213.0,non,non,non,217.6
suzuki-gsr600-vs-suzuki-gsr750,suzuki-gsr600,Suzuki GSR 600,suzuki-gsr750,Suzuki GSR 750,Suzuki GSR 600 ou Suzuki GSR 750 : lequel choisir ?,Roadster,japonaise,japonaise,non,599.0,749.0,98.0,107.4,183.0,213.0,non,non,non,217.6
bmw-hp4-race-vs-ktm-1190-rc8,ktm-1190-rc8,KTM RC8,bmw-hp4-race,BMW HP4 Race,KTM RC8 ou BMW HP4 Race : lequel choisir ?,Sportive,autrichienne,allemande,oui,1195.0,999.0,,,,171.0,,non,non,217.4
aprilia-rs457-vs-kawasaki-zx-6-and-zzr600,aprilia-rs457,Aprilia RS457,kawasaki-zx-6-and-zzr600,Kawasaki ZX-6/ZZR600,Aprilia RS457 ou Kawasaki ZX-6/ZZR600 : lequel choisir ?,Sportive,italienne,japonaise,oui,457.0,599.0,47.6,100.4,175.0,,non,non,non,217.2
honda-cb650r-vs-honda-nc700,honda-nc700,Honda NC700S / NC700X / Integra,honda-cb650r,Honda CB650R,Honda NC700S / NC700X / Integra ou Honda CB650R : lequel choisir ?,Roadster,japonaise,japonaise,non,670.0,649,47.6,95,211.0,207,oui,non,non,214.5
honda-cb650r-vs-kawasaki-z650-2017,kawasaki-z650-2017,Kawasaki Z650,honda-cb650r,Honda CB650R,Kawasaki Z650 ou Honda CB650R : lequel choisir ?,Roadster,japonaise,japonaise,non,649,649,68,95,188,207,oui,non,non,214.0
bimota-hb4-vs-yamaha-yzf-r7-2022-bike,yamaha-yzf-r7-2022-bike,Yamaha YZF-R7 (2022),bimota-hb4,Bimota HB4,Yamaha YZF-R7 (2022) ou Bimota HB4 : lequel choisir ?,Sportive,japonaise,italienne,oui,689.6,599.0,73.4,125.0,188.0,135.0,non,non,non,213.9
peugeot-satelis-compressor-vs-yamaha-nmax,yamaha-nmax,Yamaha NMAX,peugeot-satelis-compressor,Peugeot Satelis Compressor,Yamaha NMAX ou Peugeot Satelis Compressor : lequel choisir ?,Scooter / Cyclomoteur,japonaise,française,oui,124.7,125.0,,,,,,non,non,213.8
kawasaki-z800-vs-norton-961-commando,kawasaki-z800,Kawasaki Z800,norton-961-commando,Norton 961/SS Commando,Kawasaki Z800 ou Norton 961/SS Commando : lequel choisir ?,Roadster,japonaise,britannique,oui,806.0,961.0,112.8,81.1,231.0,188.0,non,non,non,213.1
aprilia-tuono-v4-vs-norton-961-commando,aprilia-tuono-v4,Aprilia Tuono V4 1100 RR,norton-961-commando,Norton 961/SS Commando,Aprilia Tuono V4 1100 RR ou Norton 961/SS Commando : lequel choisir ?,Roadster,italienne,britannique,oui,1077.0,961.0,175.0,81.1,184.0,188.0,non,non,non,213.1
suzuki-gsr750-vs-yamaha-xsr700,suzuki-gsr750,Suzuki GSR 750,yamaha-xsr700,Yamaha XSR700,Suzuki GSR 750 ou Yamaha XSR700 : lequel choisir ?,Roadster,japonaise,japonaise,non,749.0,689.6,107.4,74.8,213.0,186.0,non,non,non,212.6
bmw-r18-vs-yamaha-xv1600a,yamaha-xv1600a,Yamaha XV1600A,bmw-r18,BMW R 18,Yamaha XV1600A ou BMW R 18 : lequel choisir ?,Custom / Cruiser,japonaise,allemande,oui,1602.0,1802.0,63.5,91.2,410.0,345.0,non,non,non,212.0
ktm-125-duke-vs-yamaha-ybr125,ktm-125-duke,KTM 125 Duke,yamaha-ybr125,Yamaha YBR 125,KTM 125 Duke ou Yamaha YBR 125 : lequel choisir ?,Roadster,autrichienne,japonaise,oui,124.7,124.0,15.0,10.0,127.0,106.0,oui,non,non,211.9
ktm-990-super-duke-vs-suzuki-sv1000,suzuki-sv1000,Suzuki SV 650,ktm-990-super-duke,KTM 990 Super Duke,Suzuki SV 650 ou KTM 990 Super Duke : lequel choisir ?,Roadster,japonaise,autrichienne,oui,996.0,999.0,109.5,120.0,186.0,186.0,non,non,non,211.8
honda-cb600f-vs-yamaha-xsr700,honda-cb600f,Honda CB600F/Hornet/599,yamaha-xsr700,Yamaha XSR700,Honda CB600F/Hornet/599 ou Yamaha XSR700 : lequel choisir ?,Roadster,japonaise,japonaise,non,599.0,689.6,96.0,74.8,176.0,186.0,non,non,non,211.6
bmw-r1200gs-vs-triumph-tiger-explorer,bmw-r1200gs,BMW R 1200 GS,triumph-tiger-explorer,Triumph Tiger Explorer,BMW R 1200 GS ou Triumph Tiger Explorer : lequel choisir ?,Trail / Aventure,allemande,britannique,oui,1170.0,1215.0,110.1,140.9,225.0,242.0,non,non,non,211.2
hyosung-gt250-vs-suzuki-gw250,suzuki-gw250,Suzuki GW250,hyosung-gt250,Hyosung GT250R,Suzuki GW250 ou Hyosung GT250R : lequel choisir ?,Roadster,japonaise,coréenne,oui,248.0,249.0,21.5,28.4,170.0,187.7,oui,non,non,211.1
honda-clr-vs-honda-crf150l,honda-clr,Honda CLR 125 CityFly,honda-crf150l,Honda CRF150L,Honda CLR 125 CityFly ou Honda CRF150L : lequel choisir ?,Trail / Aventure,japonaise,japonaise,non,124.0,149.15,11.3,12.9,118.0,122.0,oui,non,non,210.8
ducati-1098-vs-kawasaki-ninja-zx-12r,ducati-1098,Ducati 1098/1198,kawasaki-ninja-zx-12r,Kawasaki ZX-12R,Ducati 1098/1198 ou Kawasaki ZX-12R : lequel choisir ?,Sportive,italienne,japonaise,oui,1099.0,1199.0,182.5,181.0,173.0,247.21,non,non,non,210.7
ktm-990-adventure-vs-triumph-tiger-explorer,ktm-990-adventure,KTM 990 Adventure,triumph-tiger-explorer,Triumph Tiger Explorer,KTM 990 Adventure ou Triumph Tiger Explorer : lequel choisir ?,Trail / Aventure,autrichienne,britannique,oui,999.9,1215.0,106.1,140.9,209.0,242.0,non,non,non,210.7
suzuki-gsx650f-vs-yamaha-tracer-900,yamaha-tracer-900,Yamaha Tracer 900,suzuki-gsx650f,Suzuki GSX650F,Yamaha Tracer 900 ou Suzuki GSX650F : lequel choisir ?,Routière / GT,japonaise,japonaise,non,847.2,656.0,116.6,86.2,209.56,,non,non,non,210.6
honda-grom-vs-yamaha-ybr125,honda-grom,Honda MSX 125,yamaha-ybr125,Yamaha YBR 125,Honda MSX 125 ou Yamaha YBR 125 : lequel choisir ?,Roadster,japonaise,japonaise,non,124.9,124.0,9.8,10.0,101.7,106.0,oui,non,non,210.4
bmw-r18-vs-yamaha-mt-01,yamaha-mt-01,Yamaha MT-01,bmw-r18,BMW R 18,Yamaha MT-01 ou BMW R 18 : lequel choisir ?,Custom / Cruiser,japonaise,allemande,oui,1670.0,1802.0,90.1,91.2,265.0,345.0,non,non,non,210.0
honda-cb-125-f-vs-yamaha-ybr125,honda-cb-125-f,Honda CB 125 F,yamaha-ybr125,Yamaha YBR 125,Honda CB 125 F ou Yamaha YBR 125 : lequel choisir ?,Roadster,japonaise,japonaise,non,124.7,124.0,10.6,10.0,115.0,106.0,oui,non,non,210.0
honda-nx-500-vs-royal-enfield-himalayan,royal-enfield-himalayan,Royal Enfield Himalayan,honda-nx-500,Honda NX 500,Royal Enfield Himalayan ou Honda NX 500 : lequel choisir ?,Trail / Aventure,indienne,japonaise,oui,411.0,471.0,24.5,47.0,200.0,196.0,oui,non,non,209.9
honda-valkyrie-vs-yamaha-mt-01,yamaha-mt-01,Yamaha MT-01,honda-valkyrie,Honda Valkyrie,Yamaha MT-01 ou Honda Valkyrie : lequel choisir ?,Custom / Cruiser,japonaise,japonaise,non,1670.0,1520.0,90.1,101.4,265.0,327.0,non,non,non,209.7
yamaha-tdm-900-vs-yamaha-tracer-900,yamaha-tracer-900,Yamaha Tracer 900,yamaha-tdm-900,Yamaha TDM 900,Yamaha Tracer 900 ou Yamaha TDM 900 : lequel choisir ?,Routière / GT,japonaise,japonaise,non,847.2,897.0,116.6,87.2,209.56,222.71,non,non,non,209.5
kawasaki-zrx1100-vs-ktm-990-super-duke,ktm-990-super-duke,KTM 990 Super Duke,kawasaki-zrx1100,Kawasaki ZRX1100,KTM 990 Super Duke ou Kawasaki ZRX1100 : lequel choisir ?,Roadster,autrichienne,japonaise,oui,999.0,1052.0,120.0,97.3,186.0,,non,non,non,208.8
bmw-r1200gs-vs-ducati-multistrada-1200,bmw-r1200gs,BMW R 1200 GS,ducati-multistrada-1200,Ducati Multistrada (2010),BMW R 1200 GS ou Ducati Multistrada (2010) : lequel choisir ?,Trail / Aventure,allemande,italienne,oui,1170.0,1198.0,110.1,152.1,225.0,239.0,non,non,non,208.6
honda-crossrunner-vs-ktm-990-adventure,ktm-990-adventure,KTM 990 Adventure,honda-crossrunner,Honda Crossrunner,KTM 990 Adventure ou Honda Crossrunner : lequel choisir ?,Trail / Aventure,autrichienne,japonaise,oui,999.9,782.0,106.1,101.8,209.0,240.4,non,non,non,208.2
moto-guzzi-v9-vs-triumph-speedmaster,moto-guzzi-v9,Moto Guzzi V9,triumph-speedmaster,Triumph Speedmaster,Moto Guzzi V9 ou Triumph Speedmaster : lequel choisir ?,Custom / Cruiser,italienne,britannique,oui,853.0,790.0,55.8,53.8,200.0,263.08,non,non,non,207.2
mv-agusta-turismo-veloce-vs-yamaha-tracer-900,yamaha-tracer-900,Yamaha Tracer 900,mv-agusta-turismo-veloce,MV Agusta Turismo Veloce 800,Yamaha Tracer 900 ou MV Agusta Turismo Veloce 800 : lequel choisir ?,Routière / GT,japonaise,italienne,oui,847.2,798.0,116.6,111.5,209.56,191.0,non,non,non,207.0
mv-agusta-turismo-veloce-vs-triumph-tiger-sport-660,triumph-tiger-sport-660,Triumph Tiger Sport 660,mv-agusta-turismo-veloce,MV Agusta Turismo Veloce 800,Triumph Tiger Sport 660 ou MV Agusta Turismo Veloce 800 : lequel choisir ?,Routière / GT,britannique,italienne,oui,660.0,798.0,81.0,111.5,206.0,191.0,non,non,non,205.5
bimota-kb4-vs-bmw-s1000rr,bimota-kb4,Bimota KB4,bmw-s1000rr,BMW S 1000 RR,Bimota KB4 ou BMW S 1000 RR : lequel choisir ?,Sportive,italienne,allemande,oui,1043.0,998.0,142.0,218.0,189.0,1918.0,non,non,non,205.5
kawasaki-kle500-vs-royal-enfield-himalayan,royal-enfield-himalayan,Royal Enfield Himalayan,kawasaki-kle500,Kawasaki KLE 500,Royal Enfield Himalayan ou Kawasaki KLE 500 : lequel choisir ?,Trail / Aventure,indienne,japonaise,oui,411.0,498.0,24.5,45.6,200.0,181.0,oui,non,non,203.5
honda-cbf125-vs-ktm-125-duke,ktm-125-duke,KTM 125 Duke,honda-cbf125,Honda CBF125 / CB125F,KTM 125 Duke ou Honda CBF125 / CB125F : lequel choisir ?,Roadster,autrichienne,japonaise,oui,124.7,124.7,15.0,11.3,127.0,115.0,oui,non,non,203.5
aprilia-tuono-v4-vs-suzuki-sv1000,suzuki-sv1000,Suzuki SV 650,aprilia-tuono-v4,Aprilia Tuono V4 1100 RR,Suzuki SV 650 ou Aprilia Tuono V4 1100 RR : lequel choisir ?,Roadster,japonaise,italienne,oui,996.0,1077.0,109.5,175.0,186.0,184.0,non,non,non,203.4
kawasaki-versys-650-vs-suzuki-gsr750,suzuki-gsr750,Suzuki GSR 750,kawasaki-versys-650,Kawasaki Versys 650 (2007),Suzuki GSR 750 ou Kawasaki Versys 650 (2007) : lequel choisir ?,Roadster,japonaise,japonaise,non,749.0,649.0,107.4,67.9,213.0,206.0,non,non,non,203.2
honda-aviator-vs-honda-wave-series,honda-wave-series,Honda Innova,honda-aviator,Honda Aviator,Honda Innova ou Honda Aviator : lequel choisir ?,Scooter / Cyclomoteur,japonaise,japonaise,non,125.0,109.0,9.3,8.1,101.0,103.0,oui,non,non,202.7
ducati-1098-vs-honda-vtr1000f,ducati-1098,Ducati 1098/1198,honda-vtr1000f,Honda VTR 1000 F,Ducati 1098/1198 ou Honda VTR 1000 F : lequel choisir ?,Sportive,italienne,japonaise,oui,1099.0,996.0,182.5,117.6,173.0,214.1,non,non,non,202.5
aprilia-tuono-v4-vs-kawasaki-zrx1100,kawasaki-zrx1100,Kawasaki ZRX1100,aprilia-tuono-v4,Aprilia Tuono V4 1100 RR,Kawasaki ZRX1100 ou Aprilia Tuono V4 1100 RR : lequel choisir ?,Roadster,japonaise,italienne,oui,1052.0,1077.0,97.3,175.0,,184.0,non,non,non,202.5
ariel-ace-vs-ktm-990-super-duke,ktm-990-super-duke,KTM 990 Super Duke,ariel-ace,Ariel Ace,KTM 990 Super Duke ou Ariel Ace : lequel choisir ?,Roadster,autrichienne,britannique,oui,999.0,1237.0,120.0,175.4,186.0,230.0,non,non,non,202.2
honda-cbf125-vs-honda-grom,honda-grom,Honda MSX 125,honda-cbf125,Honda CBF125 / CB125F,Honda MSX 125 ou Honda CBF125 / CB125F : lequel choisir ?,Roadster,japonaise,japonaise,non,124.9,124.7,9.8,11.3,101.7,115.0,oui,non,non,202.0
ariel-ace-vs-honda-cb1300,honda-cb1300,Honda CB 1300 Super Four,ariel-ace,Ariel Ace,Honda CB 1300 Super Four ou Ariel Ace : lequel choisir ?,Roadster,japonaise,britannique,oui,1284.0,1237.0,101.4,175.4,236.0,230.0,non,non,non,201.7
honda-cb-125-f-vs-honda-cbf125,honda-cb-125-f,Honda CB 125 F,honda-cbf125,Honda CBF125 / CB125F,Honda CB 125 F ou Honda CBF125 / CB125F : lequel choisir ?,Roadster,japonaise,japonaise,non,124.7,124.7,10.6,11.3,115.0,115.0,oui,non,non,201.6
honda-nc700-vs-kawasaki-z650-2017,kawasaki-z650-2017,Kawasaki Z650,honda-nc700,Honda NC700S / NC700X / Integra,Kawasaki Z650 ou Honda NC700S / NC700X / Integra : lequel choisir ?,Roadster,japonaise,japonaise,non,649,670.0,68,47.6,188,211.0,oui,non,non,201.5
kawasaki-z800-vs-suzuki-gsr750,suzuki-gsr750,Suzuki GSR 750,kawasaki-z800,Kawasaki Z800,Suzuki GSR 750 ou Kawasaki Z800 : lequel choisir ?,Roadster,japonaise,japonaise,non,749.0,806.0,107.4,112.8,213.0,231.0,non,non,non,201.3
aprilia-rs457-vs-honda-rvf400,aprilia-rs457,Aprilia RS457,honda-rvf400,Honda RVF400,Aprilia RS457 ou Honda RVF400 : lequel choisir ?,Sportive,italienne,japonaise,oui,457.0,399.0,47.6,59.8,175.0,165.0,non,non,non,201.1
honda-cbr600rr-vs-mv-agusta-f3-series,honda-cbr600rr,Honda CBR600RR,mv-agusta-f3-series,MV Agusta F3,Honda CBR600RR ou MV Agusta F3 : lequel choisir ?,Sportive,japonaise,italienne,oui,599.0,675.0,120.0,126.0,156.5,173.0,non,non,non,200.6
husqvarna-svartpilen-401-vs-kawasaki-ninja-400r,kawasaki-ninja-400r,Kawasaki Ninja 400R,husqvarna-svartpilen-401,Husqvarna Svartpilen 401,Kawasaki Ninja 400R ou Husqvarna Svartpilen 401 : lequel choisir ?,Roadster,japonaise,suédoise,oui,399.0,399,43.5,45,203.0,159,oui,non,non,200.6
bimota-kb4-vs-kawasaki-ninja-zx-12r,kawasaki-ninja-zx-12r,Kawasaki ZX-12R,bimota-kb4,Bimota KB4,Kawasaki ZX-12R ou Bimota KB4 : lequel choisir ?,Sportive,japonaise,italienne,oui,1199.0,1043.0,181.0,142.0,247.21,189.0,non,non,non,200.2
bimota-kb4-vs-honda-vtr1000f,honda-vtr1000f,Honda VTR 1000 F,bimota-kb4,Bimota KB4,Honda VTR 1000 F ou Bimota KB4 : lequel choisir ?,Sportive,japonaise,italienne,oui,996.0,1043.0,117.6,142.0,214.1,189.0,non,non,non,200.2
bimota-kb4-vs-bmw-r1100s,bmw-r1100s,BMW R 1100 S,bimota-kb4,Bimota KB4,BMW R 1100 S ou Bimota KB4 : lequel choisir ?,Sportive,allemande,italienne,oui,1085.0,1043.0,99.4,142.0,229.0,189.0,non,non,non,200.2
bimota-kb4-vs-suzuki-hayabusa,bimota-kb4,Bimota KB4,suzuki-hayabusa,Suzuki GSX 1300R Hayabusa,Bimota KB4 ou Suzuki GSX 1300R Hayabusa : lequel choisir ?,Sportive,italienne,japonaise,oui,1043.0,1299.0,142.0,175.0,189.0,220.0,non,non,non,200.0
benelli-tornado-tre-900-vs-bimota-kb4,benelli-tornado-tre-900,Benelli Tornado Tre,bimota-kb4,Bimota KB4,Benelli Tornado Tre ou Bimota KB4 : lequel choisir ?,Sportive,italienne,italienne,non,898.0,1043.0,143.0,142.0,198.0,189.0,non,non,non,199.2
honda-jade-motorcycle-vs-kawasaki-w230,kawasaki-w230,Kawasaki W230,honda-jade-motorcycle,Honda Jade,Kawasaki W230 ou Honda Jade : lequel choisir ?,Roadster,japonaise,japonaise,non,233.0,249.0,17.2,40.6,133.0,161.0,oui,non,non,198.9
ariel-ace-vs-kawasaki-zrx1200r,kawasaki-zrx1200r,Kawasaki ZRX1200R,ariel-ace,Ariel Ace,Kawasaki ZRX1200R ou Ariel Ace : lequel choisir ?,Roadster,japonaise,britannique,oui,1164.0,1237.0,123.7,175.4,247.0,230.0,non,non,non,198.7
suzuki-gsr750-vs-suzuki-sv1000,suzuki-sv1000,Suzuki SV 650,suzuki-gsr750,Suzuki GSR 750,Suzuki SV 650 ou Suzuki GSR 750 : lequel choisir ?,Roadster,japonaise,japonaise,non,996.0,749.0,109.5,107.4,186.0,213.0,non,non,non,198.6
bmw-s1000r-vs-ducati-streetfighter,bmw-s1000r,BMW S 1000 R,ducati-streetfighter,Ducati Streetfighter,BMW S 1000 R ou Ducati Streetfighter : lequel choisir ?,Roadster,allemande,italienne,oui,999.0,1099.0,160.4,157.1,199.0,166.92,non,non,non,198.5
ducati-diavel-vs-moto-guzzi-v100-mandello,moto-guzzi-v100-mandello,Moto Guzzi V100 Mandello,ducati-diavel,Ducati Diavel,Moto Guzzi V100 Mandello ou Ducati Diavel : lequel choisir ?,Custom / Cruiser,italienne,italienne,non,1042.0,1198.4,117.6,164.2,233.0,234.05,non,non,non,198.4
aprilia-rs457-vs-triumph-daytona-600,aprilia-rs457,Aprilia RS457,triumph-daytona-600,Triumph Daytona 600,Aprilia RS457 ou Triumph Daytona 600 : lequel choisir ?,Sportive,italienne,britannique,oui,457.0,599.0,47.6,111.5,175.0,165.0,non,non,non,198.2
ariel-ace-vs-bimota-impeto,ariel-ace,Ariel Ace,bimota-impeto,Bimota Impeto,Ariel Ace ou Bimota Impeto : lequel choisir ?,Roadster,britannique,italienne,oui,1237.0,1198.4,175.4,162.0,230.0,177.0,non,non,non,198.2
honda-xrm-vs-yamaha-nmax,yamaha-nmax,Yamaha NMAX,honda-xrm,Honda XRM,Yamaha NMAX ou Honda XRM : lequel choisir ?,Scooter / Cyclomoteur,japonaise,japonaise,non,124.7,125.0,,,,94.2,,non,non,198.1
bmw-r18-vs-triumph-rocket-iii,bmw-r18,BMW R 18,triumph-rocket-iii,Triumph Rocket III,BMW R 18 ou Triumph Rocket III : lequel choisir ?,Custom / Cruiser,allemande,britannique,oui,1802.0,2294.0,91.2,128.9,345.0,361.51,non,non,non,198.0
ariel-ace-vs-norton-961-commando,norton-961-commando,Norton 961/SS Commando,ariel-ace,Ariel Ace,Norton 961/SS Commando ou Ariel Ace : lequel choisir ?,Roadster,britannique,britannique,non,961.0,1237.0,81.1,175.4,188.0,230.0,non,non,non,197.7
bmw-r1200gs-vs-ktm-990-adventure,bmw-r1200gs,BMW R 1200 GS,ktm-990-adventure,KTM 990 Adventure,BMW R 1200 GS ou KTM 990 Adventure : lequel choisir ?,Trail / Aventure,allemande,autrichienne,oui,1170.0,999.9,110.1,106.1,225.0,209.0,non,non,non,197.5
bimota-impeto-vs-honda-cb1300,honda-cb1300,Honda CB 1300 Super Four,bimota-impeto,Bimota Impeto,Honda CB 1300 Super Four ou Bimota Impeto : lequel choisir ?,Roadster,japonaise,italienne,oui,1284.0,1198.4,101.4,162.0,236.0,177.0,non,non,non,196.7
bimota-hb4-vs-honda-cbr600rr,honda-cbr600rr,Honda CBR600RR,bimota-hb4,Bimota HB4,Honda CBR600RR ou Bimota HB4 : lequel choisir ?,Sportive,japonaise,italienne,oui,599.0,599.0,120.0,125.0,156.5,135.0,non,non,non,196.5
bmw-f-800-gs-vs-ktm-990-adventure,bmw-f-800-gs,BMW F 800 GS,ktm-990-adventure,KTM 990 Adventure,BMW F 800 GS ou KTM 990 Adventure : lequel choisir ?,Trail / Aventure,allemande,autrichienne,oui,798.0,999.9,85.0,106.1,182.0,209.0,non,non,non,196.0
honda-cbr600rr-vs-mz-skorpion,honda-cbr600rr,Honda CBR600RR,mz-skorpion,MZ Skorpion,Honda CBR600RR ou MZ Skorpion : lequel choisir ?,Sportive,japonaise,allemande,oui,599.0,656.0,120.0,48.7,156.5,188.69,non,non,non,195.6
bimota-db12-b-tourist-vs-triumph-sprint-st,triumph-sprint-st,Triumph Sprint ST,bimota-db12-b-tourist,Bimota DB12 B.Tourist,Triumph Sprint ST ou Bimota DB12 B.Tourist : lequel choisir ?,Routière / GT,britannique,italienne,oui,955.0,1198.0,109.5,162.0,229.97,185.0,non,non,non,195.6
aprilia-6-5-moto-vs-honda-cb650r,aprilia-6-5-moto,Aprilia 6.5 Motó,honda-cb650r,Honda CB650R,Aprilia 6.5 Motó ou Honda CB650R : lequel choisir ?,Roadster,italienne,japonaise,oui,649.5,649,42.0,95,183.0,207,oui,non,non,194.5
ktm-200-duke-vs-suzuki-tu250,ktm-200-duke,KTM 200 Duke,suzuki-tu250,Suzuki TU 125,KTM 200 Duke ou Suzuki TU 125 : lequel choisir ?,Roadster,autrichienne,japonaise,oui,199.5,249.0,25.8,20.3,132.0,149.0,oui,non,non,194.5
bmw-r18-vs-yamaha-xv1900a,yamaha-xv1900a,Yamaha XV1900A,bmw-r18,BMW R 18,Yamaha XV1900A ou BMW R 18 : lequel choisir ?,Custom / Cruiser,japonaise,allemande,oui,1854.0,1802.0,102.4,91.2,329.0,345.0,non,non,non,194.0
ducati-1098-vs-honda-rc51,ducati-1098,Ducati 1098/1198,honda-rc51,Honda VTR 1000,Ducati 1098/1198 ou Honda VTR 1000 : lequel choisir ?,Sportive,italienne,japonaise,oui,1099.0,999.0,182.5,134.8,173.0,221.81,non,non,non,193.4
bimota-dbx-vs-bmw-r1200gs,bmw-r1200gs,BMW R 1200 GS,bimota-dbx,Bimota DBx,BMW R 1200 GS ou Bimota DBx : lequel choisir ?,Trail / Aventure,allemande,italienne,oui,1170.0,1078.0,110.1,95.0,225.0,175.0,non,non,non,192.6
harley-davidson-vrsc-vs-moto-guzzi-v100-mandello,moto-guzzi-v100-mandello,Moto Guzzi V100 Mandello,harley-davidson-vrsc,Harley-Davidson V-Rod,Moto Guzzi V100 Mandello ou Harley-Davidson V-Rod : lequel choisir ?,Custom / Cruiser,italienne,américaine,oui,1042.0,1131.0,117.6,104.6,233.0,270.0,non,non,non,191.5
mv-agusta-turismo-veloce-vs-triumph-sprint-st,triumph-sprint-st,Triumph Sprint ST,mv-agusta-turismo-veloce,MV Agusta Turismo Veloce 800,Triumph Sprint ST ou MV Agusta Turismo Veloce 800 : lequel choisir ?,Routière / GT,britannique,italienne,oui,955.0,798.0,109.5,111.5,229.97,191.0,non,non,non,191.4
bmw-r1100s-vs-ducati-1098,ducati-1098,Ducati 1098/1198,bmw-r1100s,BMW R 1100 S,Ducati 1098/1198 ou BMW R 1100 S : lequel choisir ?,Sportive,italienne,allemande,oui,1099.0,1085.0,182.5,99.4,173.0,229.0,non,non,non,191.0
bmw-r1150gs-vs-triumph-tiger-explorer,bmw-r1150gs,BMW R1150GS / BMW R1150GS Adventure,triumph-tiger-explorer,Triumph Tiger Explorer,BMW R1150GS / BMW R1150GS Adventure ou Triumph Tiger Explorer : lequel choisir ?,Trail / Aventure,allemande,britannique,oui,1130.0,1215.0,86.2,140.9,229.0,242.0,non,non,non,190.7
bimota-db11-vs-bmw-s1000rr,bimota-db11,Bimota DB11,bmw-s1000rr,BMW S 1000 RR,Bimota DB11 ou BMW S 1000 RR : lequel choisir ?,Sportive,italienne,allemande,oui,1198.4,998.0,162.0,218.0,175.0,1918.0,non,non,non,190.5
moto-guzzi-quota-vs-triumph-tiger-explorer,triumph-tiger-explorer,Triumph Tiger Explorer,moto-guzzi-quota,Moto Guzzi Quota,Triumph Tiger Explorer ou Moto Guzzi Quota : lequel choisir ?,Trail / Aventure,britannique,italienne,oui,1215.0,948.8,140.9,70.0,242.0,,non,non,non,190.2
bimota-db6-vs-bmw-s1000r,bmw-s1000r,BMW S 1000 R,bimota-db6,Bimota DB6 Delirio,BMW S 1000 R ou Bimota DB6 Delirio : lequel choisir ?,Roadster,allemande,italienne,oui,999.0,992.0,160.4,92.0,199.0,177.0,non,non,non,189.5
bmw-r18-vs-honda-valkyrie,honda-valkyrie,Honda Valkyrie,bmw-r18,BMW R 18,Honda Valkyrie ou BMW R 18 : lequel choisir ?,Custom / Cruiser,japonaise,allemande,oui,1520.0,1802.0,101.4,91.2,327.0,345.0,non,non,non,189.0
honda-grom-vs-hyosung-gt125,honda-grom,Honda MSX 125,hyosung-gt125,Hyosung Comet 125,Honda MSX 125 ou Hyosung Comet 125 : lequel choisir ?,Roadster,japonaise,coréenne,oui,124.9,124.0,9.8,14.4,101.7,166.0,oui,non,non,188.5
honda-cb-125-f-vs-hyosung-gt125,honda-cb-125-f,Honda CB 125 F,hyosung-gt125,Hyosung Comet 125,Honda CB 125 F ou Hyosung Comet 125 : lequel choisir ?,Roadster,japonaise,coréenne,oui,124.7,124.0,10.6,14.4,115.0,166.0,oui,non,non,188.0
peugeot-satelis-compressor-vs-yamaha-zuma-125,peugeot-satelis-compressor,Peugeot Satelis Compressor,yamaha-zuma-125,Yamaha Zuma,Peugeot Satelis Compressor ou Yamaha Zuma : lequel choisir ?,Scooter / Cyclomoteur,française,japonaise,oui,125.0,125.0,,,,,,non,non,187.8
bmw-f-800-gs-vs-moto-guzzi-quota,bmw-f-800-gs,BMW F 800 GS,moto-guzzi-quota,Moto Guzzi Quota,BMW F 800 GS ou Moto Guzzi Quota : lequel choisir ?,Trail / Aventure,allemande,italienne,oui,798.0,948.8,85.0,70.0,182.0,,non,non,non,187.7
honda-cb600f-vs-yamaha-xj6,honda-cb600f,Honda CB600F/Hornet/599,yamaha-xj6,Yamaha XJ6,Honda CB600F/Hornet/599 ou Yamaha XJ6 : lequel choisir ?,Roadster,japonaise,japonaise,non,599.0,600.0,96.0,78.0,176.0,205.0,non,non,non,187.2
suzuki-gsr600-vs-yamaha-xj6,suzuki-gsr600,Suzuki GSR 600,yamaha-xj6,Yamaha XJ6,Suzuki GSR 600 ou Yamaha XJ6 : lequel choisir ?,Roadster,japonaise,japonaise,non,599.0,600.0,98.0,78.0,183.0,205.0,non,non,non,187.2
bmw-s1000rr-vs-suzuki-hayabusa,bmw-s1000rr,BMW S 1000 RR,suzuki-hayabusa,Suzuki GSX 1300R Hayabusa,BMW S 1000 RR ou Suzuki GSX 1300R Hayabusa : lequel choisir ?,Sportive,allemande,japonaise,oui,998.0,1299.0,218.0,175.0,1918.0,220.0,non,non,non,187.0
honda-aviator-vs-yamaha-mio,honda-aviator,Honda Aviator,yamaha-mio,Yamaha Mio,Honda Aviator ou Yamaha Mio : lequel choisir ?,Scooter / Cyclomoteur,japonaise,japonaise,non,109.0,113.7,8.1,8.1,103.0,90.0,oui,non,non,186.6
benelli-tre-1130-k-vs-bmw-hp4-race,bmw-hp4-race,BMW HP4 Race,benelli-tre-1130-k,Benelli Tre 1130 K,BMW HP4 Race ou Benelli Tre 1130 K : lequel choisir ?,Sportive,allemande,italienne,oui,999.0,1130.0,,,171.0,,,non,non,186.1
bmw-s1000r-vs-honda-cb1300,honda-cb1300,Honda CB 1300 Super Four,bmw-s1000r,BMW S 1000 R,Honda CB 1300 Super Four ou BMW S 1000 R : lequel choisir ?,Roadster,japonaise,allemande,oui,1284.0,999.0,101.4,160.4,236.0,199.0,non,non,non,185.5
bmw-r1150gs-vs-bmw-r1200gs,bmw-r1200gs,BMW R 1200 GS,bmw-r1150gs,BMW R1150GS / BMW R1150GS Adventure,BMW R 1200 GS ou BMW R1150GS / BMW R1150GS Adventure : lequel choisir ?,Trail / Aventure,allemande,allemande,non,1170.0,1130.0,110.1,86.2,225.0,229.0,non,non,non,185.4
bmw-c1-vs-honda-aviator,bmw-c1,BMW C1,honda-aviator,Honda Aviator,BMW C1 ou Honda Aviator : lequel choisir ?,Scooter / Cyclomoteur,allemande,japonaise,oui,124.9,109.0,15.2,8.1,185.0,103.0,oui,non,non,185.2
bimota-db11-vs-suzuki-hayabusa,bimota-db11,Bimota DB11,suzuki-hayabusa,Suzuki GSX 1300R Hayabusa,Bimota DB11 ou Suzuki GSX 1300R Hayabusa : lequel choisir ?,Sportive,italienne,japonaise,oui,1198.4,1299.0,162.0,175.0,175.0,220.0,non,non,non,185.0
honda-cbf125-vs-yamaha-ybr125,yamaha-ybr125,Yamaha YBR 125,honda-cbf125,Honda CBF125 / CB125F,Yamaha YBR 125 ou Honda CBF125 / CB125F : lequel choisir ?,Roadster,japonaise,japonaise,non,124.0,124.7,10.0,11.3,106.0,115.0,oui,non,non,185.0
bimota-impeto-vs-bmw-s1000r,bimota-impeto,Bimota Impeto,bmw-s1000r,BMW S 1000 R,Bimota Impeto ou BMW S 1000 R : lequel choisir ?,Roadster,italienne,allemande,oui,1198.4,999.0,162.0,160.4,177.0,199.0,non,non,non,184.5
bimota-db12-b-tourist-vs-yamaha-fjr1300,bimota-db12-b-tourist,Bimota DB12 B.Tourist,yamaha-fjr1300,Yamaha FJR 1300,Bimota DB12 B.Tourist ou Yamaha FJR 1300 : lequel choisir ?,Routière / GT,italienne,japonaise,oui,1198.0,1298.0,162.0,143.4,185.0,291.0,non,non,non,184.5
bimota-dbx-vs-honda-xl1000v-varadero,bimota-dbx,Bimota DBx,honda-xl1000v-varadero,Honda XL1000V Varadero,Bimota DBx ou Honda XL1000V Varadero : lequel choisir ?,Trail / Aventure,italienne,japonaise,oui,1078.0,996.0,95.0,94.3,175.0,276.7,non,non,non,184.5
bmw-f450gs-vs-bmw-g450x,bmw-f450gs,BMW F 450 GS,bmw-g450x,BMW G 450 X,BMW F 450 GS ou BMW G 450 X : lequel choisir ?,Trail / Aventure,allemande,allemande,non,420.0,449.0,47.6,40.8,165.0,121.0,non,non,non,184.0
bmw-g-310-r-vs-husqvarna-svartpilen-401,husqvarna-svartpilen-401,Husqvarna Svartpilen 401,bmw-g-310-r,BMW G310R,Husqvarna Svartpilen 401 ou BMW G310R : lequel choisir ?,Roadster,suédoise,allemande,oui,399,313.0,45,34.1,159,158.5,oui,non,non,184.0
benelli-tnt-vs-bmw-s1000r,bmw-s1000r,BMW S 1000 R,benelli-tnt,Benelli TNT,BMW S 1000 R ou Benelli TNT : lequel choisir ?,Roadster,allemande,italienne,oui,999.0,1130.0,160.4,135.0,199.0,199.0,non,non,non,183.5
honda-xrm-vs-peugeot-satelis-compressor,peugeot-satelis-compressor,Peugeot Satelis Compressor,honda-xrm,Honda XRM,Peugeot Satelis Compressor ou Honda XRM : lequel choisir ?,Scooter / Cyclomoteur,française,japonaise,oui,125.0,125.0,,,,94.2,,non,non,183.1
bmw-hp4-race-vs-suzuki-tl1000r,bmw-hp4-race,BMW HP4 Race,suzuki-tl1000r,Suzuki TL1000R,BMW HP4 Race ou Suzuki TL1000R : lequel choisir ?,Sportive,allemande,japonaise,oui,999.0,996.0,,,171.0,197.0,,non,non,183.0
aprilia-mana-850-vs-bmw-s1000r,bmw-s1000r,BMW S 1000 R,aprilia-mana-850,Aprilia NA 850 Mana,BMW S 1000 R ou Aprilia NA 850 Mana : lequel choisir ?,Roadster,allemande,italienne,oui,999.0,839.3,160.4,76.1,199.0,234.0,non,non,non,183.0
yamaha-mt-01-vs-yamaha-xv1600a,yamaha-mt-01,Yamaha MT-01,yamaha-xv1600a,Yamaha XV1600A,Yamaha MT-01 ou Yamaha XV1600A : lequel choisir ?,Custom / Cruiser,japonaise,japonaise,non,1670.0,1602.0,90.1,63.5,265.0,410.0,non,non,non,182.9
yamaha-v-star-1300-vs-yamaha-xv1600a,yamaha-v-star-1300,Yamaha V-Star 1300,yamaha-xv1600a,Yamaha XV1600A,Yamaha V-Star 1300 ou Yamaha XV1600A : lequel choisir ?,Custom / Cruiser,japonaise,japonaise,non,1304.0,1602.0,71.0,63.5,303.0,410.0,non,non,non,182.9
honda-xrm-vs-yamaha-zuma-125,yamaha-zuma-125,Yamaha Zuma,honda-xrm,Honda XRM,Yamaha Zuma ou Honda XRM : lequel choisir ?,Scooter / Cyclomoteur,japonaise,japonaise,non,125.0,125.0,,,,94.2,,non,non,182.2
yamaha-xv1600a-vs-yamaha-xv1900a,yamaha-xv1900a,Yamaha XV1900A,yamaha-xv1600a,Yamaha XV1600A,Yamaha XV1900A ou Yamaha XV1600A : lequel choisir ?,Custom / Cruiser,japonaise,japonaise,non,1854.0,1602.0,102.4,63.5,329.0,410.0,non,non,non,182.0
kawasaki-ninja-400r-vs-ktm-390-series,kawasaki-ninja-400r,Kawasaki Ninja 400R,ktm-390-series,KTM 390 Duke,Kawasaki Ninja 400R ou KTM 390 Duke : lequel choisir ?,Roadster,japonaise,autrichienne,oui,399.0,398.6,43.5,44.9,203.0,168.3,oui,non,non,182.0
bmw-f-800-gs-vs-honda-xr-650r,bmw-f-800-gs,BMW F 800 GS,honda-xr-650r,Honda XR 650R,BMW F 800 GS ou Honda XR 650R : lequel choisir ?,Trail / Aventure,allemande,japonaise,oui,798.0,649.0,85.0,61.2,182.0,122.0,non,non,non,181.7
kawasaki-z800-vs-suzuki-sv1000,suzuki-sv1000,Suzuki SV 650,kawasaki-z800,Kawasaki Z800,Suzuki SV 650 ou Kawasaki Z800 : lequel choisir ?,Roadster,japonaise,japonaise,non,996.0,806.0,109.5,112.8,186.0,231.0,non,non,non,181.3
peugeot-kisbee-vs-suzuki-choinori,peugeot-kisbee,Peugeot Kisbee,suzuki-choinori,Suzuki Choinori,Peugeot Kisbee ou Suzuki Choinori : lequel choisir ?,Scooter / Cyclomoteur,française,japonaise,oui,49.9,49.0,3.7,2.0,85.0,43.0,oui,non,non,181.3
buell-blast-vs-husqvarna-svartpilen-401,buell-blast,Buell Blast,husqvarna-svartpilen-401,Husqvarna Svartpilen 401,Buell Blast ou Husqvarna Svartpilen 401 : lequel choisir ?,Roadster,américaine,suédoise,oui,491.64,399,34.5,45,180.98,159,oui,non,non,180.6
kawasaki-z800-vs-kawasaki-zrx1100,kawasaki-zrx1100,Kawasaki ZRX1100,kawasaki-z800,Kawasaki Z800,Kawasaki ZRX1100 ou Kawasaki Z800 : lequel choisir ?,Roadster,japonaise,japonaise,non,1052.0,806.0,97.3,112.8,,231.0,non,non,non,180.4
bmw-f800st-vs-mv-agusta-f3-series,mv-agusta-f3-series,MV Agusta F3,bmw-f800st,BMW F 800 S/ST,MV Agusta F3 ou BMW F 800 S/ST : lequel choisir ?,Sportive,italienne,allemande,oui,675.0,798.0,126.0,86.3,173.0,204.0,non,non,non,179.6
mv-agusta-f3-series-vs-triumph-sprint,mv-agusta-f3-series,MV Agusta F3,triumph-sprint,Triumph Sprint,MV Agusta F3 ou Triumph Sprint : lequel choisir ?,Sportive,italienne,britannique,oui,675.0,885.0,126.0,98.0,173.0,215.0,non,non,non,179.5
hyosung-gt250-vs-ktm-200-duke,hyosung-gt250,Hyosung GT250R,ktm-200-duke,KTM 200 Duke,Hyosung GT250R ou KTM 200 Duke : lequel choisir ?,Roadster,coréenne,autrichienne,oui,249.0,199.5,28.4,25.8,187.7,132.0,oui,non,non,179.4
ktm-200-duke-vs-suzuki-gw250,suzuki-gw250,Suzuki GW250,ktm-200-duke,KTM 200 Duke,Suzuki GW250 ou KTM 200 Duke : lequel choisir ?,Roadster,japonaise,autrichienne,oui,248.0,199.5,21.5,25.8,170.0,132.0,oui,non,non,179.0
bimota-impeto-vs-kawasaki-zrx1200r,kawasaki-zrx1200r,Kawasaki ZRX1200R,bimota-impeto,Bimota Impeto,Kawasaki ZRX1200R ou Bimota Impeto : lequel choisir ?,Roadster,japonaise,italienne,oui,1164.0,1198.4,123.7,162.0,247.0,177.0,non,non,non,178.7
kawasaki-w800-vs-triumph-trident-660,kawasaki-w800,Kawasaki W800,triumph-trident-660,Triumph Trident 660,Kawasaki W800 ou Triumph Trident 660 : lequel choisir ?,Roadster,japonaise,britannique,oui,773.0,660.0,48.0,81.0,,189.0,non,non,non,178.6
bmw-hp2-megamoto-vs-honda-xl1000v-varadero,honda-xl1000v-varadero,Honda XL1000V Varadero,bmw-hp2-megamoto,BMW HP2 Megamoto,Honda XL1000V Varadero ou BMW HP2 Megamoto : lequel choisir ?,Trail / Aventure,japonaise,allemande,oui,996.0,1170.0,94.3,113.0,276.7,178.0,non,non,non,178.0
ducati-696-796-monster-vs-triumph-trident-660,ducati-696-796-monster,Ducati 696/796 Monster,triumph-trident-660,Triumph Trident 660,Ducati 696/796 Monster ou Triumph Trident 660 : lequel choisir ?,Roadster,italienne,britannique,oui,696.0,660.0,80.0,81.0,160.0,189.0,non,non,non,178.0
ducati-400-supersport-vs-kawasaki-ninja-500,kawasaki-ninja-500,Kawasaki Ninja 500,ducati-400-supersport,Ducati 400 Supersport,Kawasaki Ninja 500 ou Ducati 400 Supersport : lequel choisir ?,Sportive,japonaise,italienne,oui,451,398.0,45.4,42.0,171,173.0,oui,non,non,177.6
buell-blast-vs-kawasaki-ninja-400r,kawasaki-ninja-400r,Kawasaki Ninja 400R,buell-blast,Buell Blast,Kawasaki Ninja 400R ou Buell Blast : lequel choisir ?,Roadster,japonaise,américaine,oui,399.0,491.64,43.5,34.5,203.0,180.98,oui,non,non,177.4
bimota-impeto-vs-suzuki-sv1000,suzuki-sv1000,Suzuki SV 650,bimota-impeto,Bimota Impeto,Suzuki SV 650 ou Bimota Impeto : lequel choisir ?,Roadster,japonaise,italienne,oui,996.0,1198.4,109.5,162.0,186.0,177.0,non,non,non,177.2
triumph-sprint-st-vs-yamaha-tdm-900,yamaha-tdm-900,Yamaha TDM 900,triumph-sprint-st,Triumph Sprint ST,Yamaha TDM 900 ou Triumph Sprint ST : lequel choisir ?,Routière / GT,japonaise,britannique,oui,897.0,955.0,87.2,109.5,222.71,229.97,non,non,non,177.2
bimota-dbx-vs-ktm-990-adventure,ktm-990-adventure,KTM 990 Adventure,bimota-dbx,Bimota DBx,KTM 990 Adventure ou Bimota DBx : lequel choisir ?,Trail / Aventure,autrichienne,italienne,oui,999.9,1078.0,106.1,95.0,209.0,175.0,non,non,non,177.1
kawasaki-ninja-400-vs-yamaha-yzf-r3,yamaha-yzf-r3,Yamaha YZF-R3,kawasaki-ninja-400,Kawasaki Ninja 400,Yamaha YZF-R3 ou Kawasaki Ninja 400 : lequel choisir ?,Sportive,japonaise,japonaise,non,320.3,399.0,42.1,43.9,166.92,168.0,oui,non,non,177.0
bmw-k-1200-s-vs-suzuki-hayabusa,suzuki-hayabusa,Suzuki GSX 1300R Hayabusa,bmw-k-1200-s,BMW K 1200 S,Suzuki GSX 1300R Hayabusa ou BMW K 1200 S : lequel choisir ?,Sportive,japonaise,allemande,oui,1299.0,1157.0,175.0,167.0,220.0,227.5,non,non,non,177.0
bmw-r1150gs-vs-ktm-990-adventure,bmw-r1150gs,BMW R1150GS / BMW R1150GS Adventure,ktm-990-adventure,KTM 990 Adventure,BMW R1150GS / BMW R1150GS Adventure ou KTM 990 Adventure : lequel choisir ?,Trail / Aventure,allemande,autrichienne,oui,1130.0,999.9,86.2,106.1,229.0,209.0,non,non,non,176.9
bimota-dbx-vs-triumph-tiger-explorer,triumph-tiger-explorer,Triumph Tiger Explorer,bimota-dbx,Bimota DBx,Triumph Tiger Explorer ou Bimota DBx : lequel choisir ?,Trail / Aventure,britannique,italienne,oui,1215.0,1078.0,140.9,95.0,242.0,175.0,non,non,non,176.6
bmw-r-ninet-vs-ducati-streetfighter,ducati-streetfighter,Ducati Streetfighter,bmw-r-ninet,BMW R NineT,Ducati Streetfighter ou BMW R NineT : lequel choisir ?,Roadster,italienne,allemande,oui,1099.0,1170.0,157.1,111.5,166.92,,non,non,non,176.5
ducati-streetfighter-vs-husqvarna-nuda-900,ducati-streetfighter,Ducati Streetfighter,husqvarna-nuda-900,Husqvarna Nuda 900R,Ducati Streetfighter ou Husqvarna Nuda 900R : lequel choisir ?,Roadster,italienne,suédoise,oui,1099.0,898.0,157.1,105.0,166.92,174.0,non,non,non,176.5
bmw-g-310-gs-vs-suzuki-v-strom-250,bmw-g-310-gs,BMW G 310 GS,suzuki-v-strom-250,Suzuki V-Strom 250,BMW G 310 GS ou Suzuki V-Strom 250 : lequel choisir ?,Trail / Aventure,allemande,japonaise,oui,313.0,248.0,34.1,24.0,169.5,188.0,oui,non,non,176.5
bimota-impeto-vs-kawasaki-zrx1100,kawasaki-zrx1100,Kawasaki ZRX1100,bimota-impeto,Bimota Impeto,Kawasaki ZRX1100 ou Bimota Impeto : lequel choisir ?,Roadster,japonaise,italienne,oui,1052.0,1198.4,97.3,162.0,,177.0,non,non,non,176.2
honda-nt1100-vs-triumph-sprint-st,triumph-sprint-st,Triumph Sprint ST,honda-nt1100,Honda NT1100,Triumph Sprint ST ou Honda NT1100 : lequel choisir ?,Routière / GT,britannique,japonaise,oui,955.0,1084.0,109.5,102.0,229.97,238.0,non,non,non,176.0
bmw-hp2-megamoto-vs-suzuki-v-strom-1050,bmw-hp2-megamoto,BMW HP2 Megamoto,suzuki-v-strom-1050,Suzuki V-Strom 1050,BMW HP2 Megamoto ou Suzuki V-Strom 1050 : lequel choisir ?,Trail / Aventure,allemande,japonaise,oui,1170.0,1037.0,113.0,101.4,178.0,236.0,non,non,non,176.0
bimota-db12-b-tourist-vs-bmw-r1200rt,bimota-db12-b-tourist,Bimota DB12 B.Tourist,bmw-r1200rt,BMW R 1200 RT,Bimota DB12 B.Tourist ou BMW R 1200 RT : lequel choisir ?,Routière / GT,italienne,allemande,oui,1198.0,1170.0,162.0,110.1,185.0,259.0,non,non,non,175.5
bimota-dbx-vs-bmw-hp2-megamoto,bimota-dbx,Bimota DBx,bmw-hp2-megamoto,BMW HP2 Megamoto,Bimota DBx ou BMW HP2 Megamoto : lequel choisir ?,Trail / Aventure,italienne,allemande,oui,1078.0,1170.0,95.0,113.0,175.0,178.0,non,non,non,175.5
bimota-db11-vs-bmw-k-1200-s,bimota-db11,Bimota DB11,bmw-k-1200-s,BMW K 1200 S,Bimota DB11 ou BMW K 1200 S : lequel choisir ?,Sportive,italienne,allemande,oui,1198.4,1157.0,162.0,167.0,175.0,227.5,non,non,non,175.5
bmw-r1200c-vs-honda-valkyrie,honda-valkyrie,Honda Valkyrie,bmw-r1200c,BMW R 1200 C,Honda Valkyrie ou BMW R 1200 C : lequel choisir ?,Custom / Cruiser,japonaise,allemande,oui,1520.0,1170.0,101.4,61.0,327.0,256.0,non,non,non,175.4
yamaha-mt-01-vs-yamaha-v-star-1300,yamaha-mt-01,Yamaha MT-01,yamaha-v-star-1300,Yamaha V-Star 1300,Yamaha MT-01 ou Yamaha V-Star 1300 : lequel choisir ?,Custom / Cruiser,japonaise,japonaise,non,1670.0,1304.0,90.1,71.0,265.0,303.0,non,non,non,175.3
benelli-tornado-tre-900-vs-ducati-1098,ducati-1098,Ducati 1098/1198,benelli-tornado-tre-900,Benelli Tornado Tre,Ducati 1098/1198 ou Benelli Tornado Tre : lequel choisir ?,Sportive,italienne,italienne,non,1099.0,898.0,182.5,143.0,173.0,198.0,non,non,non,175.2
gilera-125-cx-vs-suzuki-gixxer,gilera-125-cx,Gilera 125 CX,suzuki-gixxer,Suzuki Gixxer FI150,Gilera 125 CX ou Suzuki Gixxer FI150 : lequel choisir ?,Sportive,italienne,japonaise,oui,124.3,154.9,30.0,13.6,120.0,135.0,oui,non,non,175.0
bmw-r1200c-vs-yamaha-v-star-1300,bmw-r1200c,BMW R 1200 C,yamaha-v-star-1300,Yamaha V-Star 1300,BMW R 1200 C ou Yamaha V-Star 1300 : lequel choisir ?,Custom / Cruiser,allemande,japonaise,oui,1170.0,1304.0,61.0,71.0,256.0,303.0,non,non,non,174.8
bmw-f-800-gs-vs-bmw-g650x-series,bmw-g650x-series,BMW G 650 X,bmw-f-800-gs,BMW F 800 GS,BMW G 650 X ou BMW F 800 GS : lequel choisir ?,Trail / Aventure,allemande,allemande,non,652.0,798.0,53.0,85.0,144.0,182.0,non,non,non,174.5
kawasaki-w230-vs-suzuki-tu250,kawasaki-w230,Kawasaki W230,suzuki-tu250,Suzuki TU 125,Kawasaki W230 ou Suzuki TU 125 : lequel choisir ?,Roadster,japonaise,japonaise,non,233.0,249.0,17.2,20.3,133.0,149.0,oui,non,non,174.5
aprilia-6-5-moto-vs-aprilia-tuono-660,aprilia-6-5-moto,Aprilia 6.5 Motó,aprilia-tuono-660,Aprilia Tuono 660,Aprilia 6.5 Motó ou Aprilia Tuono 660 : lequel choisir ?,Roadster,italienne,italienne,non,649.5,659,42.0,95,183.0,183,oui,non,non,174.5
benelli-tornado-tre-900-vs-bmw-s1000rr,benelli-tornado-tre-900,Benelli Tornado Tre,bmw-s1000rr,BMW S 1000 RR,Benelli Tornado Tre ou BMW S 1000 RR : lequel choisir ?,Sportive,italienne,allemande,oui,898.0,998.0,143.0,218.0,198.0,1918.0,non,non,non,174.0
bmw-r18-vs-honda-vtx-series,honda-vtx-series,Honda VTX 1800,bmw-r18,BMW R 18,Honda VTX 1800 ou BMW R 18 : lequel choisir ?,Custom / Cruiser,japonaise,allemande,oui,1795.0,1802.0,91.2,91.2,351.08,345.0,non,non,non,174.0
bimota-bb3-vs-bmw-s1000rr,bmw-s1000rr,BMW S 1000 RR,bimota-bb3,Bimota BB3,BMW S 1000 RR ou Bimota BB3 : lequel choisir ?,Sportive,allemande,italienne,oui,998.0,999.0,218.0,195.7,1918.0,179.0,non,non,non,174.0
bimota-bb3-vs-bmw-k-1200-s,bmw-k-1200-s,BMW K 1200 S,bimota-bb3,Bimota BB3,BMW K 1200 S ou Bimota BB3 : lequel choisir ?,Sportive,allemande,italienne,oui,1157.0,999.0,167.0,195.7,227.5,179.0,non,non,non,174.0
ducati-1098-vs-honda-cbr,ducati-1098,Ducati 1098/1198,honda-cbr,Honda CBR900RR Fireblade,Ducati 1098/1198 ou Honda CBR900RR Fireblade : lequel choisir ?,Sportive,italienne,japonaise,oui,1099.0,893.0,182.5,124.0,173.0,185.0,non,non,non,173.9
yamaha-mt-01-vs-yamaha-xv1900a,yamaha-mt-01,Yamaha MT-01,yamaha-xv1900a,Yamaha XV1900A,Yamaha MT-01 ou Yamaha XV1900A : lequel choisir ?,Custom / Cruiser,japonaise,japonaise,non,1670.0,1854.0,90.1,102.4,265.0,329.0,non,non,non,173.6
bimota-bb3-vs-suzuki-hayabusa,suzuki-hayabusa,Suzuki GSX 1300R Hayabusa,bimota-bb3,Bimota BB3,Suzuki GSX 1300R Hayabusa ou Bimota BB3 : lequel choisir ?,Sportive,japonaise,italienne,oui,1299.0,999.0,175.0,195.7,220.0,179.0,non,non,non,173.5
bmw-f750gs-vs-honda-xl1000v-varadero,honda-xl1000v-varadero,Honda XL1000V Varadero,bmw-f750gs,BMW F750GS,Honda XL1000V Varadero ou BMW F750GS : lequel choisir ?,Trail / Aventure,japonaise,allemande,oui,996.0,853.0,94.3,77.5,276.7,,non,non,non,173.5
bmw-f750gs-vs-suzuki-v-strom-650,suzuki-v-strom-650,Suzuki DL 650 V-Strom,bmw-f750gs,BMW F750GS,Suzuki DL 650 V-Strom ou BMW F750GS : lequel choisir ?,Trail / Aventure,japonaise,allemande,oui,645.0,853.0,66.9,77.5,213.19,,non,non,non,173.5
mv-agusta-turismo-veloce-vs-yamaha-tdm-900,yamaha-tdm-900,Yamaha TDM 900,mv-agusta-turismo-veloce,MV Agusta Turismo Veloce 800,Yamaha TDM 900 ou MV Agusta Turismo Veloce 800 : lequel choisir ?,Routière / GT,japonaise,italienne,oui,897.0,798.0,87.2,111.5,222.71,191.0,non,non,non,173.4
benelli-tornado-tre-900-vs-honda-vtr1000f,honda-vtr1000f,Honda VTR 1000 F,benelli-tornado-tre-900,Benelli Tornado Tre,Honda VTR 1000 F ou Benelli Tornado Tre : lequel choisir ?,Sportive,japonaise,italienne,oui,996.0,898.0,117.6,143.0,214.1,198.0,non,non,non,173.1
benelli-tornado-tre-900-vs-bmw-r1100s,bmw-r1100s,BMW R 1100 S,benelli-tornado-tre-900,Benelli Tornado Tre,BMW R 1100 S ou Benelli Tornado Tre : lequel choisir ?,Sportive,allemande,italienne,oui,1085.0,898.0,99.4,143.0,229.0,198.0,non,non,non,173.1
honda-crf450l-vs-royal-enfield-himalayan,royal-enfield-himalayan,Royal Enfield Himalayan,honda-crf450l,Honda CRF450L/CRF450RL,Royal Enfield Himalayan ou Honda CRF450L/CRF450RL : lequel choisir ?,Trail / Aventure,indienne,japonaise,oui,411.0,449.0,24.5,23.9,200.0,131.09,oui,non,non,173.0
mv-agusta-turismo-veloce-vs-suzuki-gsx650f,suzuki-gsx650f,Suzuki GSX650F,mv-agusta-turismo-veloce,MV Agusta Turismo Veloce 800,Suzuki GSX650F ou MV Agusta Turismo Veloce 800 : lequel choisir ?,Routière / GT,japonaise,italienne,oui,656.0,798.0,86.2,111.5,,191.0,non,non,non,173.0
ducati-diavel-vs-honda-cmx1100-rebel,ducati-diavel,Ducati Diavel,honda-cmx1100-rebel,Honda CMX1100 Rebel,Ducati Diavel ou Honda CMX1100 Rebel : lequel choisir ?,Custom / Cruiser,italienne,japonaise,oui,1198.4,1084.0,164.2,88.4,234.05,223.0,non,non,non,173.0
suzuki-gsx-s1000-vs-triumph-speed-twin-1200,suzuki-gsx-s1000,Suzuki GSX-S1000,triumph-speed-twin-1200,Triumph Speed Twin,Suzuki GSX-S1000 ou Triumph Speed Twin : lequel choisir ?,Roadster,japonaise,britannique,oui,999.0,1200.0,152.9,97.9,207.0,196.0,non,non,non,173.0
ducati-streetfighter-vs-triumph-speed-twin-1200,ducati-streetfighter,Ducati Streetfighter,triumph-speed-twin-1200,Triumph Speed Twin,Ducati Streetfighter ou Triumph Speed Twin : lequel choisir ?,Roadster,italienne,britannique,oui,1099.0,1200.0,157.1,97.9,166.92,196.0,non,non,non,172.6
benelli-tnt-vs-triumph-speed-twin-1200,benelli-tnt,Benelli TNT,triumph-speed-twin-1200,Triumph Speed Twin,Benelli TNT ou Triumph Speed Twin : lequel choisir ?,Roadster,italienne,britannique,oui,1130.0,1200.0,135.0,97.9,199.0,196.0,non,non,non,172.6
bmw-f750gs-vs-honda-x-adv,honda-x-adv,Honda X-ADV 750,bmw-f750gs,BMW F750GS,Honda X-ADV 750 ou BMW F750GS : lequel choisir ?,Trail / Aventure,japonaise,allemande,oui,745.0,853.0,58.6,77.5,237.0,,non,non,non,172.5
bimota-dbx-vs-bmw-r1150gs,bmw-r1150gs,BMW R1150GS / BMW R1150GS Adventure,bimota-dbx,Bimota DBx,BMW R1150GS / BMW R1150GS Adventure ou Bimota DBx : lequel choisir ?,Trail / Aventure,allemande,italienne,oui,1130.0,1078.0,86.2,95.0,229.0,175.0,non,non,non,172.1
bimota-yb11-vs-bmw-hp4-race,bmw-hp4-race,BMW HP4 Race,bimota-yb11,Bimota YB11,BMW HP4 Race ou Bimota YB11 : lequel choisir ?,Sportive,allemande,italienne,oui,999.0,1002.0,,,171.0,,,non,non,172.0
bmw-s1000rr-vs-triumph-speed-triple,bmw-s1000rr,BMW S 1000 RR,triumph-speed-triple,Triumph Speed Triple,BMW S 1000 RR ou Triumph Speed Triple : lequel choisir ?,Sportive,allemande,britannique,oui,998.0,1050.0,218.0,93.0,1918.0,209.0,non,non,non,172.0
bmw-k-1200-s-vs-triumph-speed-triple,bmw-k-1200-s,BMW K 1200 S,triumph-speed-triple,Triumph Speed Triple,BMW K 1200 S ou Triumph Speed Triple : lequel choisir ?,Sportive,allemande,britannique,oui,1157.0,1050.0,167.0,93.0,227.5,209.0,non,non,non,172.0
bimota-db6-vs-triumph-speed-twin-1200,bimota-db6,Bimota DB6 Delirio,triumph-speed-twin-1200,Triumph Speed Twin,Bimota DB6 Delirio ou Triumph Speed Twin : lequel choisir ?,Roadster,italienne,britannique,oui,992.0,1200.0,92.0,97.9,177.0,196.0,non,non,non,172.0
bmw-f750gs-vs-suzuki-v-strom-1050,suzuki-v-strom-1050,Suzuki V-Strom 1050,bmw-f750gs,BMW F750GS,Suzuki V-Strom 1050 ou BMW F750GS : lequel choisir ?,Trail / Aventure,japonaise,allemande,oui,1037.0,853.0,101.4,77.5,236.0,,non,non,non,172.0
honda-livo-vs-ktm-125-duke,ktm-125-duke,KTM 125 Duke,honda-livo,Honda Livo,KTM 125 Duke ou Honda Livo : lequel choisir ?,Roadster,autrichienne,japonaise,oui,124.7,109.51,15.0,8.8,127.0,111.0,oui,non,non,171.5
bimota-v-due-vs-kawasaki-ninja-zx-4r,kawasaki-ninja-zx-4r,Kawasaki ZX-4R,bimota-v-due,Bimota V-Due,Kawasaki ZX-4R ou Bimota V-Due : lequel choisir ?,Sportive,japonaise,italienne,oui,399.0,499.0,77.1,106.5,188.0,171.0,non,non,non,171.5
hyosung-gt125-vs-yamaha-ybr125,yamaha-ybr125,Yamaha YBR 125,hyosung-gt125,Hyosung Comet 125,Yamaha YBR 125 ou Hyosung Comet 125 : lequel choisir ?,Roadster,japonaise,coréenne,oui,124.0,124.0,10.0,14.4,106.0,166.0,oui,non,non,171.5
honda-crf450l-vs-kawasaki-kle500,kawasaki-kle500,Kawasaki KLE 500,honda-crf450l,Honda CRF450L/CRF450RL,Kawasaki KLE 500 ou Honda CRF450L/CRF450RL : lequel choisir ?,Trail / Aventure,japonaise,japonaise,non,498.0,449.0,45.6,23.9,181.0,131.09,oui,non,non,171.5
honda-cbf125-vs-hyosung-gt125,honda-cbf125,Honda CBF125 / CB125F,hyosung-gt125,Hyosung Comet 125,Honda CBF125 / CB125F ou Hyosung Comet 125 : lequel choisir ?,Roadster,japonaise,coréenne,oui,124.7,124.0,11.3,14.4,115.0,166.0,oui,non,non,171.0
bmw-f750gs-vs-kawasaki-versys,kawasaki-versys,Kawasaki Versys 650 (2005),bmw-f750gs,BMW F750GS,Kawasaki Versys 650 (2005) ou BMW F750GS : lequel choisir ?,Trail / Aventure,japonaise,allemande,oui,649.0,853.0,64.0,77.5,181.0,,non,non,non,171.0
bimota-db11-vs-kawasaki-ninja-zx-12r,kawasaki-ninja-zx-12r,Kawasaki ZX-12R,bimota-db11,Bimota DB11,Kawasaki ZX-12R ou Bimota DB11 : lequel choisir ?,Sportive,japonaise,italienne,oui,1199.0,1198.4,181.0,162.0,247.21,175.0,non,non,non,170.0
bimota-db11-vs-honda-vtr1000f,honda-vtr1000f,Honda VTR 1000 F,bimota-db11,Bimota DB11,Honda VTR 1000 F ou Bimota DB11 : lequel choisir ?,Sportive,japonaise,italienne,oui,996.0,1198.4,117.6,162.0,214.1,175.0,non,non,non,170.0
bimota-db11-vs-bmw-r1100s,bmw-r1100s,BMW R 1100 S,bimota-db11,Bimota DB11,BMW R 1100 S ou Bimota DB11 : lequel choisir ?,Sportive,allemande,italienne,oui,1085.0,1198.4,99.4,162.0,229.0,175.0,non,non,non,170.0
hyosung-gt125-vs-ktm-125-duke,ktm-125-duke,KTM 125 Duke,hyosung-gt125,Hyosung Comet 125,KTM 125 Duke ou Hyosung Comet 125 : lequel choisir ?,Roadster,autrichienne,coréenne,oui,124.7,124.0,15.0,14.4,127.0,166.0,oui,non,non,170.0
bimota-db6-vs-bmw-r-ninet,bmw-r-ninet,BMW R NineT,bimota-db6,Bimota DB6 Delirio,BMW R NineT ou Bimota DB6 Delirio : lequel choisir ?,Roadster,allemande,italienne,oui,1170.0,992.0,111.5,92.0,,177.0,non,non,non,170.0
bimota-db6-vs-husqvarna-nuda-900,husqvarna-nuda-900,Husqvarna Nuda 900R,bimota-db6,Bimota DB6 Delirio,Husqvarna Nuda 900R ou Bimota DB6 Delirio : lequel choisir ?,Roadster,suédoise,italienne,oui,898.0,992.0,105.0,92.0,174.0,177.0,non,non,non,170.0
ducati-696-796-monster-vs-husqvarna-nuda-900,husqvarna-nuda-900,Husqvarna Nuda 900R,ducati-696-796-monster,Ducati 696/796 Monster,Husqvarna Nuda 900R ou Ducati 696/796 Monster : lequel choisir ?,Roadster,suédoise,italienne,oui,898.0,696.0,105.0,80.0,174.0,160.0,non,non,non,170.0
bimota-bb3-vs-triumph-speed-triple,bimota-bb3,Bimota BB3,triumph-speed-triple,Triumph Speed Triple,Bimota BB3 ou Triumph Speed Triple : lequel choisir ?,Sportive,italienne,britannique,oui,999.0,1050.0,195.7,93.0,179.0,209.0,non,non,non,170.0
bmw-hp2-megamoto-vs-harley-davidson-pan-america,bmw-hp2-megamoto,BMW HP2 Megamoto,harley-davidson-pan-america,Harley-Davidson Pan America,BMW HP2 Megamoto ou Harley-Davidson Pan America : lequel choisir ?,Trail / Aventure,allemande,américaine,oui,1170.0,1250.0,113.0,152.1,178.0,244.94,non,non,non,169.9
bmw-hp2-megamoto-vs-ktm-890-adventure,bmw-hp2-megamoto,BMW HP2 Megamoto,ktm-890-adventure,KTM 890 Adventure,BMW HP2 Megamoto ou KTM 890 Adventure : lequel choisir ?,Trail / Aventure,allemande,autrichienne,oui,1170.0,889.0,113.0,104.7,178.0,210.0,non,non,non,169.9
ducati-999-vs-honda-vtr1000f,honda-vtr1000f,Honda VTR 1000 F,ducati-999,Ducati 999,Honda VTR 1000 F ou Ducati 999 : lequel choisir ?,Sportive,japonaise,italienne,oui,996.0,999.0,117.6,140.0,214.1,199.0,non,non,non,169.6
bmw-g-310-gs-vs-royal-enfield-himalayan,royal-enfield-himalayan,Royal Enfield Himalayan,bmw-g-310-gs,BMW G 310 GS,Royal Enfield Himalayan ou BMW G 310 GS : lequel choisir ?,Trail / Aventure,indienne,allemande,oui,411.0,313.0,24.5,34.1,200.0,169.5,oui,non,non,169.5
bmw-g-310-r-vs-ktm-390-series,ktm-390-series,KTM 390 Duke,bmw-g-310-r,BMW G310R,KTM 390 Duke ou BMW G310R : lequel choisir ?,Roadster,autrichienne,allemande,oui,398.6,313.0,44.9,34.1,168.3,158.5,oui,non,non,169.5
bimota-db6-vs-suzuki-gsx-s750,suzuki-gsx-s750,Suzuki GSX-S 750,bimota-db6,Bimota DB6 Delirio,Suzuki GSX-S 750 ou Bimota DB6 Delirio : lequel choisir ?,Roadster,japonaise,italienne,oui,749.0,992.0,114.2,92.0,210.92,177.0,non,non,non,169.5
ducati-696-796-monster-vs-suzuki-gsx-s750,suzuki-gsx-s750,Suzuki GSX-S 750,ducati-696-796-monster,Ducati 696/796 Monster,Suzuki GSX-S 750 ou Ducati 696/796 Monster : lequel choisir ?,Roadster,japonaise,italienne,oui,749.0,696.0,114.2,80.0,210.92,160.0,non,non,non,169.5
honda-x-adv-vs-ktm-890-adventure,honda-x-adv,Honda X-ADV 750,ktm-890-adventure,KTM 890 Adventure,Honda X-ADV 750 ou KTM 890 Adventure : lequel choisir ?,Trail / Aventure,japonaise,autrichienne,oui,745.0,889.0,58.6,104.7,237.0,210.0,non,non,non,169.5
harley-davidson-pan-america-vs-suzuki-v-strom-1050,suzuki-v-strom-1050,Suzuki V-Strom 1050,harley-davidson-pan-america,Harley-Davidson Pan America,Suzuki V-Strom 1050 ou Harley-Davidson Pan America : lequel choisir ?,Trail / Aventure,japonaise,américaine,oui,1037.0,1250.0,101.4,152.1,236.0,244.94,non,non,non,169.0
ktm-890-adventure-vs-suzuki-v-strom-1050,suzuki-v-strom-1050,Suzuki V-Strom 1050,ktm-890-adventure,KTM 890 Adventure,Suzuki V-Strom 1050 ou KTM 890 Adventure : lequel choisir ?,Trail / Aventure,japonaise,autrichienne,oui,1037.0,889.0,101.4,104.7,236.0,210.0,non,non,non,169.0
bimota-db5-vs-bmw-k-1200-s,bmw-k-1200-s,BMW K 1200 S,bimota-db5,Bimota DB5,BMW K 1200 S ou Bimota DB5 : lequel choisir ?,Sportive,allemande,italienne,oui,1157.0,992.0,167.0,92.0,227.5,177.0,non,non,non,168.9
bimota-db5-vs-suzuki-hayabusa,suzuki-hayabusa,Suzuki GSX 1300R Hayabusa,bimota-db5,Bimota DB5,Suzuki GSX 1300R Hayabusa ou Bimota DB5 : lequel choisir ?,Sportive,japonaise,italienne,oui,1299.0,992.0,175.0,92.0,220.0,177.0,non,non,non,168.5
bimota-db5-vs-triumph-speed-triple,triumph-speed-triple,Triumph Speed Triple,bimota-db5,Bimota DB5,Triumph Speed Triple ou Bimota DB5 : lequel choisir ?,Sportive,britannique,italienne,oui,1050.0,992.0,93.0,92.0,209.0,177.0,non,non,non,168.5
bmw-r1200rt-vs-yamaha-fjr1300,bmw-r1200rt,BMW R 1200 RT,yamaha-fjr1300,Yamaha FJR 1300,BMW R 1200 RT ou Yamaha FJR 1300 : lequel choisir ?,Routière / GT,allemande,japonaise,oui,1170.0,1298.0,110.1,143.4,259.0,291.0,non,non,non,168.4
bmw-k1600-vs-yamaha-fjr1300,bmw-k1600,"BMW K1600GT, K1600GTL, K1600B, K1600 Grand America",yamaha-fjr1300,Yamaha FJR 1300,"BMW K1600GT, K1600GTL, K1600B, K1600 Grand America ou Yamaha FJR 1300 : lequel choisir ?",Routière / GT,allemande,japonaise,oui,1649.0,1298.0,160.4,143.4,319.0,291.0,non,non,non,168.0
ducati-999-vs-honda-rc51,honda-rc51,Honda VTR 1000,ducati-999,Ducati 999,Honda VTR 1000 ou Ducati 999 : lequel choisir ?,Sportive,japonaise,italienne,oui,999.0,999.0,134.8,140.0,221.81,199.0,non,non,non,167.5
bmw-f-800-gs-vs-suzuki-v-strom-650,bmw-f-800-gs,BMW F 800 GS,suzuki-v-strom-650,Suzuki DL 650 V-Strom,BMW F 800 GS ou Suzuki DL 650 V-Strom : lequel choisir ?,Trail / Aventure,allemande,japonaise,oui,798.0,645.0,85.0,66.9,182.0,213.19,non,non,non,167.5
bmw-g-310-r-vs-honda-cb300r,bmw-g-310-r,BMW G310R,honda-cb300r,Honda CB300R,BMW G310R ou Honda CB300R : lequel choisir ?,Roadster,allemande,japonaise,oui,313.0,286.0,34.1,31.4,158.5,143.0,oui,non,non,167.5
bmw-r1100s-vs-honda-rc51,honda-rc51,Honda VTR 1000,bmw-r1100s,BMW R 1100 S,Honda VTR 1000 ou BMW R 1100 S : lequel choisir ?,Sportive,japonaise,allemande,oui,999.0,1085.0,134.8,99.4,221.81,229.0,non,non,non,167.0
bmw-r1100s-vs-ducati-999,ducati-999,Ducati 999,bmw-r1100s,BMW R 1100 S,Ducati 999 ou BMW R 1100 S : lequel choisir ?,Sportive,italienne,allemande,oui,999.0,1085.0,140.0,99.4,199.0,229.0,non,non,non,167.0
honda-cb300r-vs-hyosung-gt250,hyosung-gt250,Hyosung GT250R,honda-cb300r,Honda CB300R,Hyosung GT250R ou Honda CB300R : lequel choisir ?,Roadster,coréenne,japonaise,oui,249.0,286.0,28.4,31.4,187.7,143.0,oui,non,non,167.0
kawasaki-kle500-vs-yamaha-xt660z-tenere,yamaha-xt660z-tenere,Yamaha XT660Z Ténéré,kawasaki-kle500,Kawasaki KLE 500,Yamaha XT660Z Ténéré ou Kawasaki KLE 500 : lequel choisir ?,Trail / Aventure,japonaise,japonaise,non,660.0,498.0,47.6,45.6,206.0,181.0,oui,non,non,167.0
kymco-quannon-vs-suzuki-gixxer,suzuki-gixxer,Suzuki Gixxer FI150,kymco-quannon,Kymco Quannon 125,Suzuki Gixxer FI150 ou Kymco Quannon 125 : lequel choisir ?,Sportive,japonaise,taiwanaise,oui,154.9,124.1,13.6,13.2,135.0,137.0,oui,non,non,167.0
mv-agusta-rush-1000-vs-suzuki-gsx-s1000,suzuki-gsx-s1000,Suzuki GSX-S1000,mv-agusta-rush-1000,MV Agusta Rush 1000,Suzuki GSX-S1000 ou MV Agusta Rush 1000 : lequel choisir ?,Roadster,japonaise,italienne,oui,999.0,998.0,152.9,207.8,207.0,183.7,non,non,non,166.9
kawasaki-w800-vs-mv-agusta-rush-1000,kawasaki-w800,Kawasaki W800,mv-agusta-rush-1000,MV Agusta Rush 1000,Kawasaki W800 ou MV Agusta Rush 1000 : lequel choisir ?,Roadster,japonaise,italienne,oui,773.0,998.0,48.0,207.8,,183.7,non,non,non,166.5
mv-agusta-rush-1000-vs-triumph-speed-twin-1200,triumph-speed-twin-1200,Triumph Speed Twin,mv-agusta-rush-1000,MV Agusta Rush 1000,Triumph Speed Twin ou MV Agusta Rush 1000 : lequel choisir ?,Roadster,britannique,italienne,oui,1200.0,998.0,97.9,207.8,196.0,183.7,non,non,non,166.5
bmw-r1200gs-vs-moto-guzzi-quota,bmw-r1200gs,BMW R 1200 GS,moto-guzzi-quota,Moto Guzzi Quota,BMW R 1200 GS ou Moto Guzzi Quota : lequel choisir ?,Trail / Aventure,allemande,italienne,oui,1170.0,948.8,110.1,70.0,225.0,,non,non,non,166.2
ducati-streetfighter-vs-suzuki-gsx-s1000,ducati-streetfighter,Ducati Streetfighter,suzuki-gsx-s1000,Suzuki GSX-S1000,Ducati Streetfighter ou Suzuki GSX-S1000 : lequel choisir ?,Roadster,italienne,japonaise,oui,1099.0,999.0,157.1,152.9,166.92,207.0,non,non,non,166.0
benelli-tnt-vs-suzuki-gsx-s1000,benelli-tnt,Benelli TNT,suzuki-gsx-s1000,Suzuki GSX-S1000,Benelli TNT ou Suzuki GSX-S1000 : lequel choisir ?,Roadster,italienne,japonaise,oui,1130.0,999.0,135.0,152.9,199.0,207.0,non,non,non,166.0
aprilia-sr-gt-vs-yamaha-zuma-125,yamaha-zuma-125,Yamaha Zuma,aprilia-sr-gt,Aprilia SR GT,Yamaha Zuma ou Aprilia SR GT : lequel choisir ?,Scooter / Cyclomoteur,japonaise,italienne,oui,125.0,125.0,,,,,,non,non,165.6
aprilia-sr-gt-vs-honda-xrm,honda-xrm,Honda XRM,aprilia-sr-gt,Aprilia SR GT,Honda XRM ou Aprilia SR GT : lequel choisir ?,Scooter / Cyclomoteur,japonaise,italienne,oui,125.0,125.0,,,94.2,,,non,non,165.6
honda-jade-motorcycle-vs-suzuki-gw250,suzuki-gw250,Suzuki GW250,honda-jade-motorcycle,Honda Jade,Suzuki GW250 ou Honda Jade : lequel choisir ?,Roadster,japonaise,japonaise,non,248.0,249.0,21.5,40.6,170.0,161.0,oui,non,non,165.5
concept-f-450-gs-vs-kawasaki-kle500,kawasaki-kle500,Kawasaki KLE 500,concept-f-450-gs,BMW Concept F 450 GS,Kawasaki KLE 500 ou BMW Concept F 450 GS : lequel choisir ?,Trail / Aventure,japonaise,allemande,oui,498.0,420.0,45.6,47.6,181.0,175.0,oui,non,non,165.0
bmw-c1-vs-yamaha-mio,bmw-c1,BMW C1,yamaha-mio,Yamaha Mio,BMW C1 ou Yamaha Mio : lequel choisir ?,Scooter / Cyclomoteur,allemande,japonaise,oui,124.9,113.7,15.2,8.1,185.0,90.0,oui,non,non,164.6
aprilia-sr-gt-vs-yamaha-nmax,yamaha-nmax,Yamaha NMAX,aprilia-sr-gt,Aprilia SR GT,Yamaha NMAX ou Aprilia SR GT : lequel choisir ?,Scooter / Cyclomoteur,japonaise,italienne,oui,124.7,125.0,,,,,,non,non,164.5
concept-f-450-gs-vs-honda-crf450l,honda-crf450l,Honda CRF450L/CRF450RL,concept-f-450-gs,BMW Concept F 450 GS,Honda CRF450L/CRF450RL ou BMW Concept F 450 GS : lequel choisir ?,Trail / Aventure,japonaise,allemande,oui,449.0,420.0,23.9,47.6,131.09,175.0,oui,non,non,164.1
suzuki-dr650-vs-yamaha-xt660z-tenere,yamaha-xt660z-tenere,Yamaha XT660Z Ténéré,suzuki-dr650,Suzuki DR 650,Yamaha XT660Z Ténéré ou Suzuki DR 650 : lequel choisir ?,Trail / Aventure,japonaise,japonaise,non,660.0,644.0,47.6,45.0,206.0,166.0,oui,non,non,164.0
benelli-tnt-vs-bmw-r-ninet,bmw-r-ninet,BMW R NineT,benelli-tnt,Benelli TNT,BMW R NineT ou Benelli TNT : lequel choisir ?,Roadster,allemande,italienne,oui,1170.0,1130.0,111.5,135.0,,199.0,non,non,non,164.0
benelli-tnt-vs-husqvarna-nuda-900,husqvarna-nuda-900,Husqvarna Nuda 900R,benelli-tnt,Benelli TNT,Husqvarna Nuda 900R ou Benelli TNT : lequel choisir ?,Roadster,suédoise,italienne,oui,898.0,1130.0,105.0,135.0,174.0,199.0,non,non,non,164.0
mv-agusta-f3-series-vs-mz-skorpion,mz-skorpion,MZ Skorpion,mv-agusta-f3-series,MV Agusta F3,MZ Skorpion ou MV Agusta F3 : lequel choisir ?,Sportive,allemande,italienne,oui,656.0,675.0,48.7,126.0,188.69,173.0,non,non,non,163.5
honda-cmx1100-rebel-vs-triumph-bonneville-bobber,honda-cmx1100-rebel,Honda CMX1100 Rebel,triumph-bonneville-bobber,Triumph Bonneville Bobber,Honda CMX1100 Rebel ou Triumph Bonneville Bobber : lequel choisir ?,Custom / Cruiser,japonaise,britannique,oui,1084.0,1200.0,88.4,78.1,223.0,,non,non,non,163.5
ducati-848-vs-mv-agusta-f3-series,ducati-848,Ducati 848,mv-agusta-f3-series,MV Agusta F3,Ducati 848 ou MV Agusta F3 : lequel choisir ?,Sportive,italienne,italienne,non,849.0,675.0,125.1,126.0,168.0,173.0,non,non,non,163.0
concept-f-450-gs-vs-honda-nx-500,honda-nx-500,Honda NX 500,concept-f-450-gs,BMW Concept F 450 GS,Honda NX 500 ou BMW Concept F 450 GS : lequel choisir ?,Trail / Aventure,japonaise,allemande,oui,471.0,420.0,47.0,47.6,196.0,175.0,oui,non,non,163.0
bmw-k-1200-s-vs-triumph-sprint,bmw-k-1200-s,BMW K 1200 S,triumph-sprint,Triumph Sprint,BMW K 1200 S ou Triumph Sprint : lequel choisir ?,Sportive,allemande,britannique,oui,1157.0,885.0,167.0,98.0,227.5,215.0,non,non,non,163.0
ducati-998-vs-honda-rc51,honda-rc51,Honda VTR 1000,ducati-998,Ducati 998,Honda VTR 1000 ou Ducati 998 : lequel choisir ?,Sportive,japonaise,italienne,oui,999.0,998.0,134.8,124.7,221.81,198.0,non,non,non,162.9
ktm-200-vs-yamaha-yz250f,yamaha-yz250f,Yamaha YZ250F,ktm-200,KTM 200 EXC / XC-W,Yamaha YZ250F ou KTM 200 EXC / XC-W : lequel choisir ?,Tout-terrain,japonaise,autrichienne,oui,249.0,193.0,43.5,40.6,92.53,99.5,non,non,non,162.9
bmw-g650x-series-vs-honda-xr-650r,bmw-g650x-series,BMW G 650 X,honda-xr-650r,Honda XR 650R,BMW G 650 X ou Honda XR 650R : lequel choisir ?,Trail / Aventure,allemande,japonaise,oui,652.0,649.0,53.0,61.2,144.0,122.0,non,non,non,162.7
honda-crf150f-vs-honda-crf150r,honda-crf150r,Honda CRF150R,honda-crf150f,Honda CRF150F,Honda CRF150R ou Honda CRF150F : lequel choisir ?,Tout-terrain,japonaise,japonaise,non,149.0,156.0,,,,,,non,non,162.1
honda-cbr-vs-mv-agusta-f3-series,honda-cbr,Honda CBR900RR Fireblade,mv-agusta-f3-series,MV Agusta F3,Honda CBR900RR Fireblade ou MV Agusta F3 : lequel choisir ?,Sportive,japonaise,italienne,oui,893.0,675.0,124.0,126.0,185.0,173.0,non,non,non,162.0
buell-blast-vs-ktm-390-series,buell-blast,Buell Blast,ktm-390-series,KTM 390 Duke,Buell Blast ou KTM 390 Duke : lequel choisir ?,Roadster,américaine,autrichienne,oui,491.64,398.6,34.5,44.9,180.98,168.3,oui,non,non,162.0
bimota-db5-vs-triumph-sprint,bimota-db5,Bimota DB5,triumph-sprint,Triumph Sprint,Bimota DB5 ou Triumph Sprint : lequel choisir ?,Sportive,italienne,britannique,oui,992.0,885.0,92.0,98.0,177.0,215.0,non,non,non,161.5
bmw-f800r-vs-triumph-trident-660,bmw-f800r,BMW F 800 R,triumph-trident-660,Triumph Trident 660,BMW F 800 R ou Triumph Trident 660 : lequel choisir ?,Roadster,allemande,britannique,oui,798.0,660.0,87.0,81.0,199.0,189.0,non,non,non,161.0
aprilia-mana-850-vs-triumph-trident-660,aprilia-mana-850,Aprilia NA 850 Mana,triumph-trident-660,Triumph Trident 660,Aprilia NA 850 Mana ou Triumph Trident 660 : lequel choisir ?,Roadster,italienne,britannique,oui,839.3,660.0,76.1,81.0,234.0,189.0,non,non,non,161.0
bimota-bb3-vs-triumph-sprint,bimota-bb3,Bimota BB3,triumph-sprint,Triumph Sprint,Bimota BB3 ou Triumph Sprint : lequel choisir ?,Sportive,italienne,britannique,oui,999.0,885.0,195.7,98.0,179.0,215.0,non,non,non,161.0
honda-cb600f-vs-triumph-trident-660,honda-cb600f,Honda CB600F/Hornet/599,triumph-trident-660,Triumph Trident 660,Honda CB600F/Hornet/599 ou Triumph Trident 660 : lequel choisir ?,Roadster,japonaise,britannique,oui,599.0,660.0,96.0,81.0,176.0,189.0,non,non,non,160.6
suzuki-gsr600-vs-triumph-trident-660,suzuki-gsr600,Suzuki GSR 600,triumph-trident-660,Triumph Trident 660,Suzuki GSR 600 ou Triumph Trident 660 : lequel choisir ?,Roadster,japonaise,britannique,oui,599.0,660.0,98.0,81.0,183.0,189.0,non,non,non,160.6
honda-crf150l-vs-honda-xl125v-varadero,honda-crf150l,Honda CRF150L,honda-xl125v-varadero,Honda XL125V Varadero,Honda CRF150L ou Honda XL125V Varadero : lequel choisir ?,Trail / Aventure,japonaise,japonaise,non,149.15,124.0,12.9,14.4,122.0,169.0,oui,non,non,160.5
royal-enfield-himalayan-vs-suzuki-dr350,royal-enfield-himalayan,Royal Enfield Himalayan,suzuki-dr350,Suzuki DR 350,Royal Enfield Himalayan ou Suzuki DR 350 : lequel choisir ?,Trail / Aventure,indienne,japonaise,oui,411.0,349.0,24.5,33.9,200.0,129.73,oui,non,non,159.5
bimota-hb4-vs-mz-skorpion,mz-skorpion,MZ Skorpion,bimota-hb4,Bimota HB4,MZ Skorpion ou Bimota HB4 : lequel choisir ?,Sportive,allemande,italienne,oui,656.0,599.0,48.7,125.0,188.69,135.0,non,non,non,159.5
ducati-diavel-vs-harley-davidson-vrsc,ducati-diavel,Ducati Diavel,harley-davidson-vrsc,Harley-Davidson V-Rod,Ducati Diavel ou Harley-Davidson V-Rod : lequel choisir ?,Custom / Cruiser,italienne,américaine,oui,1198.4,1131.0,164.2,104.6,234.05,270.0,non,non,non,159.5
harley-davidson-vrsc-vs-moto-guzzi-v9,moto-guzzi-v9,Moto Guzzi V9,harley-davidson-vrsc,Harley-Davidson V-Rod,Moto Guzzi V9 ou Harley-Davidson V-Rod : lequel choisir ?,Custom / Cruiser,italienne,américaine,oui,853.0,1131.0,55.8,104.6,200.0,270.0,non,non,non,159.0
honda-jade-motorcycle-vs-ktm-200-duke,honda-jade-motorcycle,Honda Jade,ktm-200-duke,KTM 200 Duke,Honda Jade ou KTM 200 Duke : lequel choisir ?,Roadster,japonaise,autrichienne,oui,249.0,199.5,40.6,25.8,161.0,132.0,oui,non,non,159.0
bmw-r-ninet-vs-suzuki-b-king,suzuki-b-king,Suzuki B-King,bmw-r-ninet,BMW R NineT,Suzuki B-King ou BMW R NineT : lequel choisir ?,Roadster,japonaise,allemande,oui,1340.0,1170.0,183.5,111.5,262.18,,non,non,non,159.0
bmw-f800r-vs-husqvarna-nuda-900,bmw-f800r,BMW F 800 R,husqvarna-nuda-900,Husqvarna Nuda 900R,BMW F 800 R ou Husqvarna Nuda 900R : lequel choisir ?,Roadster,allemande,suédoise,oui,798.0,898.0,87.0,105.0,199.0,174.0,non,non,non,159.0
kawasaki-kle500-vs-suzuki-dr650,kawasaki-kle500,Kawasaki KLE 500,suzuki-dr650,Suzuki DR 650,Kawasaki KLE 500 ou Suzuki DR 650 : lequel choisir ?,Trail / Aventure,japonaise,japonaise,non,498.0,644.0,45.6,45.0,181.0,166.0,oui,non,non,159.0
bmw-hp2-megamoto-vs-yamaha-xt1200z-super-tenere,yamaha-xt1200z-super-tenere,Yamaha XT1200Z Super Ténéré,bmw-hp2-megamoto,BMW HP2 Megamoto,Yamaha XT1200Z Super Ténéré ou BMW HP2 Megamoto : lequel choisir ?,Trail / Aventure,japonaise,allemande,oui,1199.0,1170.0,110.0,113.0,261.0,178.0,non,non,non,159.0
aprilia-mana-850-vs-husqvarna-nuda-900,aprilia-mana-850,Aprilia NA 850 Mana,husqvarna-nuda-900,Husqvarna Nuda 900R,Aprilia NA 850 Mana ou Husqvarna Nuda 900R : lequel choisir ?,Roadster,italienne,suédoise,oui,839.3,898.0,76.1,105.0,234.0,174.0,non,non,non,159.0
bmw-r-ninet-vs-honda-cb1100,honda-cb1100,Honda CB 1100,bmw-r-ninet,BMW R NineT,Honda CB 1100 ou BMW R NineT : lequel choisir ?,Roadster,japonaise,allemande,oui,1140.0,1170.0,89.0,111.5,244.94,,non,non,non,159.0
bmw-r-ninet-vs-ducati-sportclassic,ducati-sportclassic,Ducati SportClassic,bmw-r-ninet,BMW R NineT,Ducati SportClassic ou BMW R NineT : lequel choisir ?,Roadster,italienne,allemande,oui,992.0,1170.0,92.5,111.5,179.0,,non,non,non,159.0
suzuki-v-strom-1000-vs-triumph-tiger-900-2020,triumph-tiger-900-2020,Triumph Tiger 900 (2020),suzuki-v-strom-1000,Suzuki V-Strom 1000,Triumph Tiger 900 (2020) ou Suzuki V-Strom 1000 : lequel choisir ?,Trail / Aventure,britannique,japonaise,oui,888.0,996.0,,,214.0,236.0,,non,non,159.0
bmw-f800r-vs-suzuki-gsx-s750,bmw-f800r,BMW F 800 R,suzuki-gsx-s750,Suzuki GSX-S 750,BMW F 800 R ou Suzuki GSX-S 750 : lequel choisir ?,Roadster,allemande,japonaise,oui,798.0,749.0,87.0,114.2,199.0,210.92,non,non,non,158.9
aprilia-mana-850-vs-suzuki-gsx-s750,aprilia-mana-850,Aprilia NA 850 Mana,suzuki-gsx-s750,Suzuki GSX-S 750,Aprilia NA 850 Mana ou Suzuki GSX-S 750 : lequel choisir ?,Roadster,italienne,japonaise,oui,839.3,749.0,76.1,114.2,234.0,210.92,non,non,non,158.9
ducati-sportclassic-vs-suzuki-gsx-s750,ducati-sportclassic,Ducati SportClassic,suzuki-gsx-s750,Suzuki GSX-S 750,Ducati SportClassic ou Suzuki GSX-S 750 : lequel choisir ?,Roadster,italienne,japonaise,oui,992.0,749.0,92.5,114.2,179.0,210.92,non,non,non,158.9
ducati-400-supersport-vs-kawasaki-ninja-400,ducati-400-supersport,Ducati 400 Supersport,kawasaki-ninja-400,Kawasaki Ninja 400,Ducati 400 Supersport ou Kawasaki Ninja 400 : lequel choisir ?,Sportive,italienne,japonaise,oui,398.0,399.0,42.0,43.9,173.0,168.0,oui,non,non,158.6
aprilia-rsv4-vs-yamaha-xsr900,aprilia-rsv4,Aprilia RSV4,yamaha-xsr900,Yamaha XSR900,Aprilia RSV4 ou Yamaha XSR900 : lequel choisir ?,Sportive,italienne,japonaise,oui,999.6,890.0,203.8,118.6,207.75,192.78,non,non,non,158.5
kawasaki-ninja-300-vs-yamaha-yzf-r3,yamaha-yzf-r3,Yamaha YZF-R3,kawasaki-ninja-300,Kawasaki Ninja 300,Yamaha YZF-R3 ou Kawasaki Ninja 300 : lequel choisir ?,Sportive,japonaise,japonaise,non,320.3,296.0,42.1,39.4,166.92,174.63,oui,non,non,158.4
bimota-db12-b-tourist-vs-bmw-r1150rt,bmw-r1150rt,BMW R1150RT,bimota-db12-b-tourist,Bimota DB12 B.Tourist,BMW R1150RT ou Bimota DB12 B.Tourist : lequel choisir ?,Routière / GT,allemande,italienne,oui,1130.0,1198.0,95.2,162.0,279.0,185.0,non,non,non,158.1
honda-cbr250rr-2017-vs-kawasaki-ninja-300,honda-cbr250rr-2017,Honda CBR250RR,kawasaki-ninja-300,Kawasaki Ninja 300,Honda CBR250RR ou Kawasaki Ninja 300 : lequel choisir ?,Sportive,japonaise,japonaise,non,249.7,296.0,38.6,39.4,165.0,174.63,oui,non,non,158.0
bmw-r1200rt-vs-honda-nt1100,bmw-r1200rt,BMW R 1200 RT,honda-nt1100,Honda NT1100,BMW R 1200 RT ou Honda NT1100 : lequel choisir ?,Routière / GT,allemande,japonaise,oui,1170.0,1084.0,110.1,102.0,259.0,238.0,non,non,non,158.0
indian-ftr-vs-suzuki-gsx-s1000,suzuki-gsx-s1000,Suzuki GSX-S1000,indian-ftr,Indian FTR,Suzuki GSX-S1000 ou Indian FTR : lequel choisir ?,Roadster,japonaise,américaine,oui,999.0,1203.0,152.9,112.5,207.0,224.53,non,non,non,158.0
aprilia-rs125-vs-suzuki-gixxer,aprilia-rs125,Aprilia 125 RS,suzuki-gixxer,Suzuki Gixxer FI150,Aprilia 125 RS ou Suzuki Gixxer FI150 : lequel choisir ?,Sportive,italienne,japonaise,oui,124.8,154.9,28.6,13.6,137.0,135.0,oui,non,non,157.5
triumph-speed-triple-vs-yamaha-xsr900,triumph-speed-triple,Triumph Speed Triple,yamaha-xsr900,Yamaha XSR900,Triumph Speed Triple ou Yamaha XSR900 : lequel choisir ?,Sportive,britannique,japonaise,oui,1050.0,890.0,93.0,118.6,209.0,192.78,non,non,non,157.5
aprilia-sl750-shiver-vs-suzuki-gsx-s750,suzuki-gsx-s750,Suzuki GSX-S 750,aprilia-sl750-shiver,Aprilia SL 750 Shiver,Suzuki GSX-S 750 ou Aprilia SL 750 Shiver : lequel choisir ?,Roadster,japonaise,italienne,oui,749.0,749.9,114.2,95.3,210.92,222.26,non,non,non,157.4
bimota-db12-b-tourist-vs-honda-nt1100,bimota-db12-b-tourist,Bimota DB12 B.Tourist,honda-nt1100,Honda NT1100,Bimota DB12 B.Tourist ou Honda NT1100 : lequel choisir ?,Routière / GT,italienne,japonaise,oui,1198.0,1084.0,162.0,102.0,185.0,238.0,non,non,non,157.0
triumph-sprint-vs-yamaha-xsr900,triumph-sprint,Triumph Sprint,yamaha-xsr900,Yamaha XSR900,Triumph Sprint ou Yamaha XSR900 : lequel choisir ?,Sportive,britannique,japonaise,oui,885.0,890.0,98.0,118.6,215.0,192.78,non,non,non,157.0
bmw-f800gt-vs-triumph-tiger-sport-660,triumph-tiger-sport-660,Triumph Tiger Sport 660,bmw-f800gt,BMW F800GT,Triumph Tiger Sport 660 ou BMW F800GT : lequel choisir ?,Routière / GT,britannique,allemande,oui,660.0,798.0,81.0,89.7,206.0,213.0,non,non,non,156.5
bimota-db5-vs-yamaha-xsr900,bimota-db5,Bimota DB5,yamaha-xsr900,Yamaha XSR900,Bimota DB5 ou Yamaha XSR900 : lequel choisir ?,Sportive,italienne,japonaise,oui,992.0,890.0,92.0,118.6,177.0,192.78,non,non,non,156.5
honda-nt1100-vs-yamaha-fjr1300,yamaha-fjr1300,Yamaha FJR 1300,honda-nt1100,Honda NT1100,Yamaha FJR 1300 ou Honda NT1100 : lequel choisir ?,Routière / GT,japonaise,japonaise,non,1298.0,1084.0,143.4,102.0,291.0,238.0,non,non,non,156.0
honda-cmx1100-rebel-vs-moto-guzzi-v9,moto-guzzi-v9,Moto Guzzi V9,honda-cmx1100-rebel,Honda CMX1100 Rebel,Moto Guzzi V9 ou Honda CMX1100 Rebel : lequel choisir ?,Custom / Cruiser,italienne,japonaise,oui,853.0,1084.0,55.8,88.4,200.0,223.0,non,non,non,155.5
bimota-bb3-vs-bmw-f800st,bmw-f800st,BMW F 800 S/ST,bimota-bb3,Bimota BB3,BMW F 800 S/ST ou Bimota BB3 : lequel choisir ?,Sportive,allemande,italienne,oui,798.0,999.0,86.3,195.7,204.0,179.0,non,non,non,155.5
harley-davidson-vrsc-vs-honda-cmx1100-rebel,harley-davidson-vrsc,Harley-Davidson V-Rod,honda-cmx1100-rebel,Honda CMX1100 Rebel,Harley-Davidson V-Rod ou Honda CMX1100 Rebel : lequel choisir ?,Custom / Cruiser,américaine,japonaise,oui,1131.0,1084.0,104.6,88.4,270.0,223.0,non,non,non,155.5
honda-livo-vs-hyosung-gt125,hyosung-gt125,Hyosung Comet 125,honda-livo,Honda Livo,Hyosung Comet 125 ou Honda Livo : lequel choisir ?,Roadster,coréenne,japonaise,oui,124.0,109.51,14.4,8.8,166.0,111.0,oui,non,non,155.5
honda-pantheon-vs-yamaha-nmax,yamaha-nmax,Yamaha NMAX,honda-pantheon,Honda Pantheon,Yamaha NMAX ou Honda Pantheon : lequel choisir ?,Scooter / Cyclomoteur,japonaise,japonaise,non,124.7,124.6,,,,149.0,,non,non,155.4
suzuki-b-king-vs-triumph-speed-twin-1200,suzuki-b-king,Suzuki B-King,triumph-speed-twin-1200,Triumph Speed Twin,Suzuki B-King ou Triumph Speed Twin : lequel choisir ?,Roadster,japonaise,britannique,oui,1340.0,1200.0,183.5,97.9,262.18,196.0,non,non,non,155.0
ducati-696-796-monster-vs-triumph-bonneville-t100,triumph-bonneville-t100,Triumph Bonneville T100,ducati-696-796-monster,Ducati 696/796 Monster,Triumph Bonneville T100 ou Ducati 696/796 Monster : lequel choisir ?,Roadster,britannique,italienne,oui,865.0,696.0,61.8,80.0,229.52,160.0,non,non,non,154.5
honda-valkyrie-vs-yamaha-v-star-1300,honda-valkyrie,Honda Valkyrie,yamaha-v-star-1300,Yamaha V-Star 1300,Honda Valkyrie ou Yamaha V-Star 1300 : lequel choisir ?,Custom / Cruiser,japonaise,japonaise,non,1520.0,1304.0,101.4,71.0,327.0,303.0,non,non,non,154.3
honda-vtx-series-vs-yamaha-mt-01,yamaha-mt-01,Yamaha MT-01,honda-vtx-series,Honda VTX 1800,Yamaha MT-01 ou Honda VTX 1800 : lequel choisir ?,Custom / Cruiser,japonaise,japonaise,non,1670.0,1795.0,90.1,91.2,265.0,351.08,non,non,non,154.0
ducati-diavel-vs-yamaha-v-star-1300,yamaha-v-star-1300,Yamaha V-Star 1300,ducati-diavel,Ducati Diavel,Yamaha V-Star 1300 ou Ducati Diavel : lequel choisir ?,Custom / Cruiser,japonaise,italienne,oui,1304.0,1198.4,71.0,164.2,303.0,234.05,non,non,non,154.0
bmw-f800r-vs-ducati-696-796-monster,bmw-f800r,BMW F 800 R,ducati-696-796-monster,Ducati 696/796 Monster,BMW F 800 R ou Ducati 696/796 Monster : lequel choisir ?,Roadster,allemande,italienne,oui,798.0,696.0,87.0,80.0,199.0,160.0,non,non,non,154.0
ducati-848-vs-triumph-speed-triple,ducati-848,Ducati 848,triumph-speed-triple,Triumph Speed Triple,Ducati 848 ou Triumph Speed Triple : lequel choisir ?,Sportive,italienne,britannique,oui,849.0,1050.0,125.1,93.0,168.0,209.0,non,non,non,154.0
aprilia-sr-gt-vs-suzuki-access-125,aprilia-sr-gt,Aprilia SR GT,suzuki-access-125,Suzuki Access 125,Aprilia SR GT ou Suzuki Access 125 : lequel choisir ?,Scooter / Cyclomoteur,italienne,japonaise,oui,125.0,124.0,,,,,,non,non,153.6
ducati-696-796-monster-vs-honda-cb600f,honda-cb600f,Honda CB600F/Hornet/599,ducati-696-796-monster,Ducati 696/796 Monster,Honda CB600F/Hornet/599 ou Ducati 696/796 Monster : lequel choisir ?,Roadster,japonaise,italienne,oui,599.0,696.0,96.0,80.0,176.0,160.0,non,non,non,153.5
honda-grom-vs-honda-livo,honda-grom,Honda MSX 125,honda-livo,Honda Livo,Honda MSX 125 ou Honda Livo : lequel choisir ?,Roadster,japonaise,japonaise,non,124.9,109.51,9.8,8.8,101.7,111.0,oui,non,non,153.0
bmw-f800r-vs-suzuki-gsr600,suzuki-gsr600,Suzuki GSR 600,bmw-f800r,BMW F 800 R,Suzuki GSR 600 ou BMW F 800 R : lequel choisir ?,Roadster,japonaise,allemande,oui,599.0,798.0,98.0,87.0,183.0,199.0,non,non,non,153.0
honda-livo-vs-yamaha-ybr125,yamaha-ybr125,Yamaha YBR 125,honda-livo,Honda Livo,Yamaha YBR 125 ou Honda Livo : lequel choisir ?,Roadster,japonaise,japonaise,non,124.0,109.51,10.0,8.8,106.0,111.0,oui,non,non,153.0
honda-valkyrie-vs-yamaha-xv1900a,honda-valkyrie,Honda Valkyrie,yamaha-xv1900a,Yamaha XV1900A,Honda Valkyrie ou Yamaha XV1900A : lequel choisir ?,Custom / Cruiser,japonaise,japonaise,non,1520.0,1854.0,101.4,102.4,327.0,329.0,non,non,non,152.7
honda-vtx-series-vs-yamaha-xv1900a,honda-vtx-series,Honda VTX 1800,yamaha-xv1900a,Yamaha XV1900A,Honda VTX 1800 ou Yamaha XV1900A : lequel choisir ?,Custom / Cruiser,japonaise,japonaise,non,1795.0,1854.0,91.2,102.4,351.08,329.0,non,non,non,152.7
honda-cb-125-f-vs-honda-livo,honda-cb-125-f,Honda CB 125 F,honda-livo,Honda Livo,Honda CB 125 F ou Honda Livo : lequel choisir ?,Roadster,japonaise,japonaise,non,124.7,109.51,10.6,8.8,115.0,111.0,oui,non,non,152.5
honda-cbf125-vs-honda-livo,honda-cbf125,Honda CBF125 / CB125F,honda-livo,Honda Livo,Honda CBF125 / CB125F ou Honda Livo : lequel choisir ?,Roadster,japonaise,japonaise,non,124.7,109.51,11.3,8.8,115.0,111.0,oui,non,non,152.5
bmw-f-series-parallel-twin-vs-ktm-890-adventure,bmw-f-series-parallel-twin,"BMW F800GS, F800GSA, F700GS & F650GS",ktm-890-adventure,KTM 890 Adventure,"BMW F800GS, F800GSA, F700GS & F650GS ou KTM 890 Adventure : lequel choisir ?",Trail / Aventure,allemande,autrichienne,oui,798.0,889.0,86.2,104.7,214.0,210.0,non,non,non,152.5
benelli-tre-1130-k-vs-ktm-1190-rc8,ktm-1190-rc8,KTM RC8,benelli-tre-1130-k,Benelli Tre 1130 K,KTM RC8 ou Benelli Tre 1130 K : lequel choisir ?,Sportive,autrichienne,italienne,oui,1195.0,1130.0,,,,,,non,non,152.1
honda-rvf400-vs-kawasaki-ninja-zx-4r,honda-rvf400,Honda RVF400,kawasaki-ninja-zx-4r,Kawasaki ZX-4R,Honda RVF400 ou Kawasaki ZX-4R : lequel choisir ?,Sportive,japonaise,japonaise,non,399.0,399.0,59.8,77.1,165.0,188.0,non,non,non,152.0
bmw-g-310-r-vs-suzuki-tu250,suzuki-tu250,Suzuki TU 125,bmw-g-310-r,BMW G310R,Suzuki TU 125 ou BMW G310R : lequel choisir ?,Roadster,japonaise,allemande,oui,249.0,313.0,20.3,34.1,149.0,158.5,oui,non,non,152.0
honda-nt1100-vs-kawasaki-ninja-1000,honda-nt1100,Honda NT1100,kawasaki-ninja-1000,Kawasaki Ninja 1000 SX,Honda NT1100 ou Kawasaki Ninja 1000 SX : lequel choisir ?,Routière / GT,japonaise,japonaise,non,1084.0,1043.0,102.0,139.9,238.0,228.02,non,non,non,152.0
honda-cmx1100-rebel-vs-honda-fury,honda-cmx1100-rebel,Honda CMX1100 Rebel,honda-fury,Honda Fury,Honda CMX1100 Rebel ou Honda Fury : lequel choisir ?,Custom / Cruiser,japonaise,japonaise,non,1084.0,1312.0,88.4,58.1,223.0,300.73,non,non,non,152.0
peugeot-metropolis-400-vs-piaggio-xevo,peugeot-metropolis-400,Peugeot Metropolis 400,piaggio-xevo,Piaggio XEvo,Peugeot Metropolis 400 ou Piaggio XEvo : lequel choisir ?,Scooter / Cyclomoteur,française,italienne,oui,399.0,399.0,37.2,32.6,258.0,171.0,oui,non,non,151.5
bmw-g-310-r-vs-hyosung-gt250,hyosung-gt250,Hyosung GT250R,bmw-g-310-r,BMW G310R,Hyosung GT250R ou BMW G310R : lequel choisir ?,Roadster,coréenne,allemande,oui,249.0,313.0,28.4,34.1,187.7,158.5,oui,non,non,151.5
harley-davidson-pan-america-vs-yamaha-xt1200z-super-tenere,yamaha-xt1200z-super-tenere,Yamaha XT1200Z Super Ténéré,harley-davidson-pan-america,Harley-Davidson Pan America,Yamaha XT1200Z Super Ténéré ou Harley-Davidson Pan America : lequel choisir ?,Trail / Aventure,japonaise,américaine,oui,1199.0,1250.0,110.0,152.1,261.0,244.94,non,non,non,151.5
bmw-r1250gs-vs-harley-davidson-pan-america,bmw-r1250gs,BMW R1250GS,harley-davidson-pan-america,Harley-Davidson Pan America,BMW R1250GS ou Harley-Davidson Pan America : lequel choisir ?,Trail / Aventure,allemande,américaine,oui,1254.0,1250.0,135.9,152.1,249.0,244.94,non,non,non,151.5
bmw-g-310-r-vs-suzuki-gw250,suzuki-gw250,Suzuki GW250,bmw-g-310-r,BMW G310R,Suzuki GW250 ou BMW G310R : lequel choisir ?,Roadster,japonaise,allemande,oui,248.0,313.0,21.5,34.1,170.0,158.5,oui,non,non,151.0
bmw-r1200r-vs-suzuki-b-king,suzuki-b-king,Suzuki B-King,bmw-r1200r,BMW R 1200 R,Suzuki B-King ou BMW R 1200 R : lequel choisir ?,Roadster,japonaise,allemande,oui,1340.0,1170.0,183.5,126.7,262.18,198.0,non,non,non,151.0
benelli-imperiale-400-vs-kawasaki-z400,kawasaki-z400,Kawasaki Z400 (2019),benelli-imperiale-400,Benelli Imperiale 400,Kawasaki Z400 (2019) ou Benelli Imperiale 400 : lequel choisir ?,Roadster,japonaise,italienne,oui,399.0,374.0,45.0,21.0,,,à vérifier,non,non,150.5
bimota-db5-vs-bmw-f800st,bmw-f800st,BMW F 800 S/ST,bimota-db5,Bimota DB5,BMW F 800 S/ST ou Bimota DB5 : lequel choisir ?,Sportive,allemande,italienne,oui,798.0,992.0,86.3,92.0,204.0,177.0,non,non,non,150.5
benelli-imperiale-400-vs-triumph-speed-400,triumph-speed-400,Triumph Speed 400,benelli-imperiale-400,Benelli Imperiale 400,Triumph Speed 400 ou Benelli Imperiale 400 : lequel choisir ?,Roadster,britannique,italienne,oui,398.15,374.0,40.0,21.0,,,à vérifier,non,non,150.5
aprilia-sr-gt-vs-yamaha-lexam,aprilia-sr-gt,Aprilia SR GT,yamaha-lexam,Yamaha Lexam,Aprilia SR GT ou Yamaha Lexam : lequel choisir ?,Scooter / Cyclomoteur,italienne,japonaise,oui,125.0,113.7,,,,,,non,non,150.5
benelli-imperiale-400-vs-royal-enfield-guerrilla-450,royal-enfield-guerrilla-450,Royal Enfield Guerrilla 450,benelli-imperiale-400,Benelli Imperiale 400,Royal Enfield Guerrilla 450 ou Benelli Imperiale 400 : lequel choisir ?,Roadster,indienne,italienne,oui,452.0,374.0,40.6,21.0,,,à vérifier,non,non,150.0
ktm-790-adventure-vs-suzuki-v-strom-650,suzuki-v-strom-650,Suzuki DL 650 V-Strom,ktm-790-adventure,KTM 790 Adventure,Suzuki DL 650 V-Strom ou KTM 790 Adventure : lequel choisir ?,Trail / Aventure,japonaise,autrichienne,oui,645.0,799.0,66.9,95.2,213.19,203.0,non,non,non,150.0
bmw-g-310-gs-vs-suzuki-dr350,suzuki-dr350,Suzuki DR 350,bmw-g-310-gs,BMW G 310 GS,Suzuki DR 350 ou BMW G 310 GS : lequel choisir ?,Trail / Aventure,japonaise,allemande,oui,349.0,313.0,33.9,34.1,129.73,169.5,oui,non,non,150.0
